locus_tag,gene,rSS_average
BSU00030,yaaA,0.361866294
BSU00040,recF,0.251241722
BSU00050,yaaB,0.378281361
BSU00080,yaaC,1.194940034
BSU00090,guaB,0.603072735
BSU00100,dacA,0.950687108
BSU00140,dck,0.989079516
BSU00150,dgk,1.098524762
BSU00160,yaaH,1.084526849
BSU00170,yaaI,0.955885847
BSU00200,yaaK,0.212011311
BSU00220,yaaL,0.966408439
BSU00230,bofA,0.419437949
BSU00240,csfB,0.852772031
BSU00250,xpaC,0.79185388
BSU00260,yaaN,0.882358891
BSU00270,yaaO,0.101222365
BSU00290,yaaQ,0.554565868
BSU00300,yaaR,0.511267959
BSU00320,yaaT,0.065856683
BSU00340,yabB,0.998269787
BSU00350,yazA,0.946742994
BSU00360,yabC,1.341924667
BSU00390,yabD,1.072955137
BSU00400,yabE,0.853017546
BSU00410,rnmV,0.88507762
BSU00420,ksgA,0.61330927
BSU00430,yabG,0.953829726
BSU00440,veg,0.543031413
BSU00450,sspF,0.567259572
BSU00470,purR,0.722191963
BSU00480,yabJ,1.099821138
BSU00490,spoVG,0.494881346
BSU00520,ctc,1.035264878
BSU00540,yabK,1.015020165
BSU00550,mfd,0.64954057
BSU00560,spoVT,0.139553227
BSU00570,yabM,0.223360431
BSU00580,yabN,0.505785796
BSU00590,yabO,0.664446831
BSU00600,yabP,0.085475843
BSU00610,yabQ,0.239773553
BSU00630,yabR,0.536798426
BSU00650,yabS,0.868743347
BSU00700,coaX,1.06103118
BSU00720,yacD,0.823247079
BSU00730,cysK,0.679399993
BSU00740,pabB,0.784991283
BSU00760,pabC,0.506706395
BSU00800,yazB,0.98748265
BSU00810,dusB,1.054056995
BSU00830,ctsR,0.672453294
BSU00840,mcsA,0.547005829
BSU00850,mcsB,0.589203595
BSU00870,radA,0.265110736
BSU00880,disA,0.202502895
BSU00890,yacL,1.258820288
BSU00930,cysE,0.269455255
BSU00950,mrnC,1.028757819
BSU00960,rlmB,0.593547137
BSU00970,yacP,1.328159319
BSU00980,sigH,0.034926198
BSU00990,rpmGB,0.95948745
BSU01010,nusG,0.656854416
BSU01060,ybxB,0.904680385
BSU01090,rplGB,0.741056414
BSU01140,ybaC,0.966590708
BSU01380,mapA,0.846989576
BSU01389,ybzG,0.84600031
BSU01400,rpmJ,0.150879642
BSU01450,ybxA,1.067567838
BSU01460,ybaE,1.083748602
BSU01470,ybaF,1.004900181
BSU01480,truA,0.953907135
BSU01510,ybaJ,0.383035037
BSU01520,ybaK,1.00667806
BSU01530,cwlD,1.257018745
BSU01550,gerD,0.894802823
BSU01560,kbaA,0.870081731
BSU01570,ybaN,0.185600306
BSU01580,ybaR,1.095863438
BSU01590,ybaS,1.176968826
BSU01600,ybbA,1.076445886
BSU01610,feuC,1.062814811
BSU01620,feuB,1.086789139
BSU01630,feuA,0.977786149
BSU01640,ybbB,0.996473453
BSU01650,ybbC,0.987903356
BSU01660,ybbD,0.928168056
BSU01670,ybbE,0.999938762
BSU01680,ybbF,1.019196332
BSU01690,ybbH,1.113452256
BSU01700,murQ,0.81533975
BSU01710,ybbJ,0.829237803
BSU01720,ybbK,0.911939394
BSU01730,sigW,0.762713
BSU01740,rsiW,0.719241092
BSU01760,ybbR,0.579970082
BSU01800,alkA,0.982431793
BSU01810,adaA,1.022353168
BSU01820,adaB,0.994200622
BSU01830,ndhF,0.740161539
BSU01860,ybcF,1.128449125
BSU01870,ybcH,1.216363542
BSU01880,ybcI,1.11159762
BSU01889,ybzH,0.610032941
BSU01890,ybcL,0.916711392
BSU01900,ybcM,0.936965595
BSU01910,skfA,1.021297716
BSU01920,skfB,1.08596482
BSU01935,skfC,0.760994572
BSU01950,skfE,0.562821683
BSU01960,skfF,0.428794027
BSU01980,skfH,1.16003101
BSU01990,ybdG,0.992861987
BSU02000,ybdJ,0.971150415
BSU02010,ybdK,1.079192471
BSU02019,ybzI,1.056066936
BSU02030,ybdM,0.907231695
BSU02040,ybdN,1.111707184
BSU02050,ybdO,0.946843736
BSU02060,ybxG,0.963190595
BSU02070,csgA,0.900122765
BSU02080,ybxH,1.09381111
BSU02090,ybxI,1.038774147
BSU02100,cypC,0.945064176
BSU02110,ybyB,1.075913809
BSU02120,ybeC,1.092602531
BSU02130,glpQ,1.111481108
BSU02140,glpT,0.9730137
BSU02150,ybeF,1.104766938
BSU02160,ybfA,0.721528495
BSU02170,ybfB,1.030082122
BSU02180,ybfE,1.02192728
BSU02190,ybfF,1.143762266
BSU02200,ybfG,1.003373004
BSU02210,ybfH,0.914620271
BSU02220,ybfI,1.04862408
BSU02230,purT,0.88103562
BSU02240,mpr,1.019344802
BSU02250,ybfJ,1.159122287
BSU02260,ybfK,0.873209231
BSU02270,pssA,0.870834722
BSU02280,ybfM,0.863648159
BSU02290,psd,0.824202471
BSU02300,ybfN,1.255357628
BSU02320,ybfP,1.051626112
BSU02330,ybfQ,0.933983199
BSU02340,gltP,0.96958587
BSU02350,nagP,0.972762744
BSU02360,nagBB,0.923567152
BSU02380,ybgB,0.985557594
BSU02390,ilvE,1.365714519
BSU02410,ybgG,0.924094419
BSU02420,glnT,0.97725869
BSU02430,glsA,1.051316627
BSU02440,glnJ,1.155676003
BSU02450,glnL,0.973761355
BSU02460,ycbC,0.997452765
BSU02470,ycbD,0.841933297
BSU02480,gudP,0.997076303
BSU02490,gudD,0.813936503
BSU02510,garD,0.885141372
BSU02520,ycbJ,0.844262273
BSU02530,rtpA,0.881768906
BSU02540,ycbK,1.048419771
BSU02550,ycbL,0.936425554
BSU02560,ycbM,0.894868542
BSU02570,ycbN,1.029388138
BSU02580,ycbO,0.788545659
BSU02590,ycbP,0.860303511
BSU02600,cwlJ,0.955160063
BSU02610,ycbR,0.8641627
BSU02619,yczK,0.866678256
BSU02620,phoD,0.908112527
BSU02630,tatAD,0.970707858
BSU02640,tatCD,0.916134637
BSU02650,pcp,0.943624824
BSU02660,ycbU,0.850190322
BSU02670,lmrB,0.924606961
BSU02680,lmrA,0.996434629
BSU02690,ansZ,0.953746633
BSU02700,estA,0.987926711
BSU02710,yczC,0.987790925
BSU02720,yccF,0.578558444
BSU02730,natK,0.81590017
BSU02740,natR,0.856644706
BSU02750,natA,0.967332482
BSU02760,natB,1.043694031
BSU02770,yccK,0.985121024
BSU02780,ycdA,0.817747437
BSU02790,ycdB,1.076372401
BSU02800,ycdC,0.884889866
BSU02810,cwlK,1.110241315
BSU02820,rapJ,0.974541163
BSU02830,ycdF,1.072710388
BSU02840,ycdG,0.864179154
BSU02850,adcA,0.700255271
BSU02860,adcC,0.72824771
BSU02870,adcB,0.846673753
BSU02880,yceB,0.947958678
BSU02900,yceD,0.669286931
BSU02910,yceE,0.553198926
BSU02920,yceF,0.694332313
BSU02930,yceG,0.907019099
BSU02940,yceH,0.999918463
BSU02950,yceI,0.819284853
BSU02960,yceJ,0.999104316
BSU02980,opuAA,0.967611081
BSU02990,opuAB,0.919405295
BSU03000,opuAC,0.918798767
BSU03010,amhX,0.978201885
BSU03020,ycgA,0.970532618
BSU03030,ycgB,1.147156916
BSU03040,amyE,0.978549656
BSU03050,ldh,0.910311977
BSU03060,lctP,0.989290583
BSU03070,mdr,0.862166847
BSU03080,ycgE,0.904686988
BSU03090,ycgF,1.095369781
BSU03100,ycgG,1.032043321
BSU03110,ycgH,0.861121285
BSU03120,ycgI,1.086420324
BSU03140,tmrB,0.883776538
BSU03160,ycgJ,0.837403619
BSU03170,ycgK,1.000378977
BSU03180,cah,0.949132308
BSU03190,ycgL,1.090778556
BSU03200,ycgM,0.643100394
BSU03210,ycgN,1.125683976
BSU03220,ycgO,0.930930705
BSU03230,ycgP,1.124900766
BSU03240,ycgQ,0.876960716
BSU03250,ycgR,1.039682235
BSU03260,ycgS,1.00067265
BSU03270,ycgT,0.952231022
BSU03280,nasF,0.982327235
BSU03290,nasE,1.050888141
BSU03300,nasD,1.120676886
BSU03310,nasC,1.041960935
BSU03320,nasB,1.148609006
BSU03330,nasA,0.915342352
BSU03340,folEB,1.15854852
BSU03350,yciB,1.111054432
BSU03359,yczL,0.955164735
BSU03360,yciC,0.856514195
BSU03370,yckA,0.871768826
BSU03380,yckB,0.867973279
BSU03390,yckC,0.872130802
BSU03400,yckD,0.97076332
BSU03410,bglC,0.933995707
BSU03420,nin,0.916938938
BSU03430,nucA,1.197363909
BSU03440,tlpC,1.266155996
BSU03450,hxlB,0.95458802
BSU03460,hxlA,0.921591337
BSU03470,hxlR,0.954111177
BSU03480,srfAA,0.56875809
BSU03490,srfAB,0.368010882
BSU03500,comS,1.016922123
BSU03510,srfAC,0.854552463
BSU03520,srfAD,0.773403734
BSU03530,ycxA,0.93198771
BSU03540,ycxB,0.988565851
BSU03550,ycxC,0.91617252
BSU03560,ycxD,0.949241384
BSU03569,sfp,0.89511479
BSU03570,sfp,0.966363568
BSU03580,yczE,0.864151683
BSU03590,tcyC,0.879263671
BSU03600,tcyB,0.934901008
BSU03610,tcyA,0.927961899
BSU03620,yclA,0.92386918
BSU03630,ubiX,0.801879338
BSU03640,ubiD,0.975708084
BSU03651,bsdD,1.006120407
BSU03652,yclD,0.870780307
BSU03660,yclE,1.216079639
BSU03670,dtpT,0.989351148
BSU03680,yclG,1.148352776
BSU03690,yczF,1.17612902
BSU03700,gerKA,1.081246552
BSU03710,gerKC,1.230711018
BSU03720,gerKB,1.239680668
BSU03730,yclH,0.827591152
BSU03740,yclI,0.920993874
BSU03750,yclJ,1.233640501
BSU03760,yclK,0.574195534
BSU03770,rapC,0.877543736
BSU03780,phrC,0.997992333
BSU03788,yczM,1.05172557
BSU03789,yczN,0.959138628
BSU03790,yclM,0.951005028
BSU03800,yclN,0.866918214
BSU03810,yclO,0.752651014
BSU03840,ycnB,1.022868226
BSU03850,ycnC,1.386524562
BSU03860,ycnD,1.017221556
BSU03870,ycnE,1.203886683
BSU03880,yczG,1.078425911
BSU03890,gabR,1.074677018
BSU03910,gabD,0.934817462
BSU03920,glcU,0.884204138
BSU03930,gdh,0.940692733
BSU03940,ycnI,0.985473508
BSU03950,ycnJ,1.026349695
BSU03960,ycnK,1.435594481
BSU03970,ycnL,0.865806871
BSU03981,mtlA,0.565199075
BSU03982,mtlF,0.560036376
BSU03990,mtlD,1.030552053
BSU04000,ycsA,1.007874091
BSU04010,sipU,0.940379548
BSU04020,yczH,1.038111781
BSU04030,ycsD,0.952992765
BSU04039,yczO,1.029405395
BSU04040,ycsE,0.835025936
BSU04050,ycsF,0.922630942
BSU04070,ycsI,0.768664376
BSU04080,kipI,1.101622282
BSU04090,kipA,0.592995483
BSU04100,kipR,0.908313414
BSU04110,lipC,0.897147763
BSU04120,yczI,1.095481582
BSU04130,yczJ,1.040342606
BSU04140,pbpC,0.882910364
BSU04150,ycsN,0.887870957
BSU04160,mtlR,0.95520702
BSU04170,ydaB,1.032586945
BSU04180,ydaC,0.898953982
BSU04190,ydaD,1.013762176
BSU04200,ydaE,0.906629692
BSU04210,ydaF,0.92780795
BSU04220,ydaG,0.987503512
BSU04230,ydaH,0.917443166
BSU04240,ydzA,0.915680275
BSU04250,lrpC,0.938556965
BSU04260,topB,0.960939091
BSU04270,ydaJ,0.905986746
BSU04280,ydaK,0.825667244
BSU04290,ydaL,1.01315525
BSU04300,ydaM,0.968212572
BSU04310,ydaN,0.987928406
BSU04320,ydaO,0.872906703
BSU04330,mutT,0.986137739
BSU04340,ydaP,1.062449372
BSU04359,ydzK,0.917769013
BSU04360,mntH,0.869482687
BSU04370,ydaS,1.109047429
BSU04380,ydaT,1.10866636
BSU04390,ydbA,1.079636072
BSU04400,gsiB,0.893406282
BSU04410,ydbB,1.11492507
BSU04430,ydbD,1.013919
BSU04440,dctB,0.918712129
BSU04450,dctS,0.492053321
BSU04460,dctR,0.957653905
BSU04480,ydbI,0.782649078
BSU04490,ydbJ,1.054168165
BSU04500,ydbK,0.929125662
BSU04510,ydbL,0.827089036
BSU04520,ydbM,1.096257884
BSU04530,ydbN,0.788066783
BSU04540,ydbO,1.01247499
BSU04550,ydbP,0.891838749
BSU04590,ydbS,1.05281089
BSU04600,ydbT,1.208412514
BSU04610,ydcA,0.784272389
BSU04630,ydcC,0.654415521
BSU04650,endB,1.212934223
BSU04660,ndoA,1.30531473
BSU04670,rsbRA,0.877665324
BSU04690,rsbT,1.052680553
BSU04700,rsbU,1.099128309
BSU04710,rsbV,0.917375263
BSU04730,sigB,0.973281924
BSU04740,rsbX,0.98086591
BSU04750,ydcF,0.846447907
BSU04760,ydcG,0.942074664
BSU04770,ydcH,1.276055873
BSU04780,ydcI,0.873912388
BSU04790,ydcK,0.982819722
BSU04800,ydcL,1.161029419
BSU04810,immA,0.896091921
BSU04820,immR,0.701003733
BSU04830,sacV,0.054793737
BSU04839,ydzL,0.612501967
BSU04840,ydcO,0.64354877
BSU04850,ydcP,0.997696012
BSU04860,ydcQ,0.914434222
BSU04870,ydcR,1.100895065
BSU04880,ydcS,1.114103875
BSU04890,ydcT,1.03884517
BSU04900,yddA,1.017238219
BSU04910,yddB,0.8963841
BSU04920,yddC,0.9036841
BSU04930,yddD,1.008985895
BSU04940,yddE,0.781232382
BSU04950,yddF,1.087330125
BSU04960,yddG,0.984057658
BSU04970,yddH,1.051761454
BSU04980,yddI,1.008266821
BSU04990,yddJ,0.805535042
BSU05000,yddK,1.021089713
BSU05010,rapI,1.096116501
BSU05020,phrI,0.02853253
BSU05030,yddM,0.967640589
BSU05040,yddN,1.016593709
BSU05050,lrpA,0.859036913
BSU05060,lrpB,0.971927554
BSU05070,yddQ,0.995179892
BSU05080,yddR,1.094871874
BSU05090,yddS,1.0382974
BSU05099,ydzM,1.009733066
BSU05100,yddT,1.002380346
BSU05109,ydzN,1.0889898
BSU05110,ydeA,1.039488964
BSU05120,cspC,0.878426617
BSU05130,ydeB,1.168959578
BSU05140,ydzE,1.006177439
BSU05150,ydeC,1.021791561
BSU05160,ydeD,1.083950642
BSU05170,ydeE,1.114990488
BSU05180,ydeF,1.196411562
BSU05190,ydeG,0.835138409
BSU05200,ydeH,0.948558339
BSU05210,ydeI,1.163067901
BSU05220,ydeJ,1.087796251
BSU05230,ydeK,1.067405592
BSU05240,ydeL,1.127592869
BSU05250,ydeM,0.905674885
BSU05260,ydeN,0.874997669
BSU05270,ydzF,1.061286393
BSU05280,ydeO,1.100202956
BSU05290,ydeP,0.809221057
BSU05300,ydeQ,0.980258304
BSU05310,ydeR,1.080864924
BSU05320,ydeS,1.177785736
BSU05329,ydzO,0.983575218
BSU05330,aseR,0.918651146
BSU05340,ydfA,0.99938959
BSU05343,ydzS,0.975909888
BSU05344,ydzS,0.859771233
BSU05350,ydfB,1.156582384
BSU05360,ydfC,0.887489983
BSU05370,ydfD,1.072363542
BSU05380,ydfE,1.087977795
BSU05390,ydfF,1.042001096
BSU05400,ydfG,1.035813721
BSU05408,ydzP,1.026108512
BSU05409,ydzQ,1.105052479
BSU05410,ydfH,1.375239579
BSU05420,ydfI,1.002226446
BSU05430,ydfJ,1.084202862
BSU05440,nap,0.851499353
BSU05450,ydfK,0.838649215
BSU05460,ydfL,1.057505538
BSU05470,ydfM,0.764518859
BSU05480,ydfN,1.054295415
BSU05490,ydfO,0.861979144
BSU05500,ydfP,0.878724186
BSU05510,ydfQ,0.895623058
BSU05520,ydzH,0.894640839
BSU05529,ydzR,0.948446365
BSU05530,ydfR,0.987824132
BSU05540,ydfS,1.307099176
BSU05550,cotP,1.070066042
BSU05560,ydgA,0.9402204
BSU05570,ydgB,0.79996867
BSU05580,ydgC,0.86315798
BSU05590,ydgD,0.82290635
BSU05600,ydgE,0.695850006
BSU05610,vmlR,0.984252142
BSU05620,ydgF,1.027920988
BSU05630,dinB,0.926526367
BSU05640,ydgG,0.857208816
BSU05650,ydgH,0.971842418
BSU05660,ydgI,0.996936917
BSU05670,ydgJ,0.744196411
BSU05680,ydgK,0.986402124
BSU05690,ydhB,1.035670096
BSU05700,ydhC,0.844536337
BSU05710,ydhD,1.048674034
BSU05720,ydhE,1.043653999
BSU05730,ydhF,1.094367406
BSU05740,phoB,1.149905467
BSU05750,ydhG,1.021806503
BSU05760,ydhH,1.125237506
BSU05770,ydhI,1.061107135
BSU05780,ydhJ,1.071885627
BSU05790,ydhK,0.861993454
BSU05800,pbuE,1.17011286
BSU05810,gmuB,1.128241931
BSU05820,gmuA,0.894518916
BSU05830,gmuC,1.068929942
BSU05840,gmuD,1.03549423
BSU05850,gmuR,0.473307333
BSU05860,gmuE,1.042711386
BSU05870,gmuF,1.034074818
BSU05880,gmuG,1.123588533
BSU05890,ydhU,1.098055444
BSU05899,ydhU,0.91360992
BSU05900,thiL,1.311215232
BSU05930,rimI,0.812019172
BSU05950,ydiF,0.882246176
BSU05960,moaC,1.064303316
BSU05980,tatAY,0.998338363
BSU06000,ydiK,1.006672743
BSU06010,ydiL,1.115173391
BSU06033,ydzT,0.868834041
BSU06034,ydzT,0.982237462
BSU06036,ydzT,1.066898933
BSU06037,ydzT,0.980284782
BSU06038,ydzT,0.988924899
BSU06040,ydiM,0.756545118
BSU06048,ydzU,0.770075603
BSU06049,ydzV,0.645671972
BSU06073,ydzW,0.965502822
BSU06074,ydzW,0.930650803
BSU06076,ydzW,0.944775138
BSU06077,ydzW,1.040424009
BSU06078,ydzW,0.866364596
BSU06079,ydzW,0.926937485
BSU06083,ydzW,1.05663056
BSU06090,ydiR,0.824404954
BSU06100,ydiS,1.000539038
BSU06110,ydjA,0.993992804
BSU06120,ydjB,0.896946911
BSU06130,ydjC,1.103006532
BSU06140,gutR,0.928836715
BSU06150,gutB,0.913157004
BSU06160,gutP,1.092240233
BSU06170,ydjE,0.972144539
BSU06180,pspA,0.94902763
BSU06190,ydjG,1.071386803
BSU06200,ydjH,1.013685584
BSU06210,ydjI,0.95953197
BSU06220,ydjJ,0.975276805
BSU06230,iolT,0.878423479
BSU06240,bdhA,0.980511115
BSU06250,ydjM,0.801299767
BSU06260,ydjN,0.86602192
BSU06269,ydzJ,1.159347215
BSU06270,ydjO,1.084538255
BSU06280,ydjP,0.952637323
BSU06290,yeaA,0.856518759
BSU06300,cotA,0.311891574
BSU06310,gabP,1.075874442
BSU06319,ydzX,0.978101579
BSU06320,yeaB,0.877739843
BSU06330,yeaC,0.969895998
BSU06340,yeaD,1.091750755
BSU06350,yebA,0.959738217
BSU06360,guaA,0.596277672
BSU06370,pbuG,1.105328753
BSU06380,yebC,0.915493928
BSU06390,yebD,0.867815091
BSU06400,yebE,0.980876945
BSU06410,yebG,1.100434901
BSU06420,purE,0.796060204
BSU06430,purK,0.840857682
BSU06450,purC,0.916706104
BSU06460,purS,0.967597005
BSU06470,purQ,0.673257259
BSU06480,purL,0.865331848
BSU06490,purF,0.441341347
BSU06500,purM,1.11309609
BSU06510,purN,1.036779949
BSU06520,purH,1.017665026
BSU06530,purD,0.97533575
BSU06540,yezC,0.862594521
BSU06550,yecA,0.943843759
BSU06559,yezF,0.853443042
BSU06560,yerA,0.797528423
BSU06570,yerB,1.039742056
BSU06580,yerC,0.854451475
BSU06590,yerD,0.925513214
BSU06630,yerH,1.055119726
BSU06640,yerI,0.945336262
BSU06650,sapB,0.824402391
BSU06660,opuE,0.711151842
BSU06700,yerO,0.862179728
BSU06710,swrC,1.106935772
BSU06730,yefA,0.951037833
BSU06740,yefB,1.058647203
BSU06750,yefC,0.530916232
BSU06760,yeeA,0.946902297
BSU06770,yeeB,0.836770469
BSU06790,yeeD,0.986558851
BSU06800,yezA,0.973568602
BSU06812,yeeF,0.926094198
BSU06820,yeeG,1.126268629
BSU06830,rapH,1.003338954
BSU06839,phrH,0.902512302
BSU06840,yeeI,0.823736087
BSU06850,yeeK,0.838191155
BSU06880,yesF,0.956993484
BSU06890,cotJA,0.994464406
BSU06900,cotJB,0.942039343
BSU06910,cotJC,1.0490758
BSU06920,yesJ,0.900603377
BSU06930,yesK,0.998356494
BSU06940,yesL,0.946658532
BSU06950,yesM,1.004932111
BSU06960,yesN,0.954966075
BSU06970,yesO,1.047061858
BSU06980,yesP,1.013833507
BSU06990,yesQ,1.03828106
BSU07000,yesR,1.0437238
BSU07010,yesS,0.983680043
BSU07020,rhgT,0.700462478
BSU07030,yesU,1.080762599
BSU07040,yesV,0.961837974
BSU07050,yesW,0.9453806
BSU07060,yesX,1.000782834
BSU07070,yesY,0.875924085
BSU07080,yesZ,0.887663987
BSU07090,yetA,1.094623506
BSU07100,lplA,0.965778284
BSU07110,lplB,1.014817863
BSU07120,lplC,0.920699537
BSU07130,lplD,0.975044549
BSU07150,yetG,0.921975137
BSU07160,yetH,0.919299642
BSU07170,yetI,0.80470776
BSU07180,yetI,0.877717441
BSU07190,yezD,1.087109164
BSU07200,yetJ,0.883820484
BSU07210,yetK,1.002793294
BSU07220,yetL,1.020339488
BSU07230,yetM,0.767393691
BSU07240,yetN,0.916651953
BSU07250,yetO,1.003384531
BSU07260,ltaSA,0.962957565
BSU07270,yfnH,0.740617424
BSU07280,yfnG,0.998393612
BSU07290,yfnF,0.870843576
BSU07300,yfnE,0.767319158
BSU07310,yfnD,0.849241969
BSU07320,yfnC,0.89092664
BSU07330,yfnB,1.031045646
BSU07340,yfnA,0.976383896
BSU07350,yfmT,0.772143099
BSU07360,yfmS,0.949386926
BSU07370,yfmR,0.844453991
BSU07380,yfmQ,0.984007068
BSU07390,yfmP,0.638085498
BSU07400,yfmO,1.067582742
BSU07410,yfmN,1.049780601
BSU07420,yfmM,0.995772486
BSU07430,yfmL,0.292321024
BSU07440,yfmK,0.977305332
BSU07450,yfmJ,0.995050018
BSU07460,yfmI,1.015685851
BSU07480,yfmG,0.959607934
BSU07490,yfmF,1.099074465
BSU07500,yfmE,0.979976038
BSU07510,yfmD,1.107836188
BSU07520,yfmC,0.995390745
BSU07530,yfmB,0.997893497
BSU07540,yfmA,0.9908471
BSU07550,yflT,0.990255626
BSU07560,pel,1.219545256
BSU07570,yflS,1.018593767
BSU07580,citS,1.078992577
BSU07590,citT,0.910893691
BSU07600,yflP,1.081446705
BSU07610,citM,0.979186913
BSU07620,yflN,1.173477554
BSU07630,nosA,1.069856975
BSU07640,yflL,0.951047605
BSU07650,yflK,1.025009681
BSU07660,yflJ,1.004570036
BSU07670,yflI,0.991435106
BSU07680,yflH,0.941849154
BSU07700,nagP,1.147366616
BSU07720,yflD,1.114823463
BSU07735,yflB,1.193450364
BSU07750,yflA,0.895740387
BSU07760,yfkT,1.032185511
BSU07770,yfkS,0.965281645
BSU07780,yfkR,0.967246275
BSU07790,yfkQ,0.929672487
BSU07800,treP,0.894563655
BSU07810,treA,0.599310776
BSU07820,treR,0.943353142
BSU07830,yfkO,1.050431578
BSU07840,yfkN,1.07904538
BSU07850,yfkM,1.086362524
BSU07860,yfkL,0.973327945
BSU07870,yfkK,0.958212972
BSU07880,yfkJ,1.114127069
BSU07890,yfkI,0.892004662
BSU07900,yfkH,0.944326113
BSU07910,yfkF,0.944034096
BSU07920,yfkE,0.904575467
BSU07930,yfkD,0.934379901
BSU07940,yfkC,1.087713026
BSU07955,yfkA,1.011230845
BSU07970,yfjT,0.899919152
BSU07980,pdaA,1.021430594
BSU07990,yfjR,0.986753487
BSU08000,yfjQ,0.883982785
BSU08010,yfjP,0.884962475
BSU08020,yfjO,0.879790613
BSU08029,yfzA,0.91434954
BSU08030,dusC,0.997698717
BSU08040,yfjM,0.97267605
BSU08050,yfjL,0.997883609
BSU08060,acoA,1.051872699
BSU08070,acoB,0.957440693
BSU08080,acoC,1.040163207
BSU08090,acoL,0.924474239
BSU08100,acoR,0.984809754
BSU08110,sspH,0.970331149
BSU08120,yfjF,0.864231604
BSU08130,yfjE,1.009902319
BSU08140,yfjD,0.654775698
BSU08150,yfjC,1.117222161
BSU08160,yfjB,0.956202397
BSU08170,yfjA,0.774173723
BSU08180,malA,0.43346872
BSU08190,malR,1.070772096
BSU08200,malP,1.164619057
BSU08210,malQ,0.93961067
BSU08220,yfiC,0.642796316
BSU08230,catD,1.21802847
BSU08240,catE,0.987907816
BSU08250,yfiF,1.004657375
BSU08260,yfiG,0.882583736
BSU08270,yfiH,0.9166173
BSU08280,yfiI,0.805525717
BSU08290,yfiJ,0.785380724
BSU08300,yfiK,1.020016552
BSU08310,yfiL,0.987640279
BSU08320,yfiM,0.910372614
BSU08330,yfiN,1.003160174
BSU08340,padR,1.005563027
BSU08350,estB,0.968212195
BSU08360,yfiQ,1.038514141
BSU08370,yfiR,1.035446593
BSU08380,yfiS,0.94883732
BSU08390,yfiT,0.995367286
BSU08400,yfiU,1.060035278
BSU08410,yfiV,0.690374994
BSU08425,mprF,1.022008443
BSU08440,yfiY,0.871378841
BSU08450,yfiZ,0.819420408
BSU08460,yfhA,1.164550491
BSU08470,yfhB,0.769673358
BSU08480,yfhC,0.987245179
BSU08490,yfhD,0.915259615
BSU08500,yfhE,0.954734803
BSU08510,yfhF,0.73243819
BSU08520,recX,0.296776198
BSU08530,yfhH,1.084765464
BSU08540,yfhI,0.922602259
BSU08550,sspK,1.037271259
BSU08560,yfhJ,0.993558354
BSU08570,yfhK,1.00149033
BSU08580,yfhL,1.010222046
BSU08590,yfhM,0.800481617
BSU08600,csbB,1.11616776
BSU08610,yfhO,0.823004353
BSU08620,yfhP,1.061201442
BSU08630,yfhQ,0.855998281
BSU08640,yfhS,0.811284727
BSU08650,fabL,0.664097803
BSU08660,sspE,0.934457881
BSU08670,ygaB,1.201220764
BSU08680,ygaC,1.056100155
BSU08690,ygaD,0.990560624
BSU08700,ygaE,0.894418358
BSU08710,gsaB,0.899875993
BSU08720,ygaF,0.712763682
BSU08730,perR,0.596547939
BSU08740,ygzB,0.700295031
BSU08750,ygxA,1.120567896
BSU08760,spo0M,0.944788469
BSU08770,ygzA,0.981341284
BSU08779,ygzC,1.029390163
BSU08780,ygaJ,1.02705804
BSU08790,thiC,0.949415651
BSU08800,ygaK,1.051377976
BSU08810,senS,1.129331364
BSU08820,katA,0.890974708
BSU08830,ssuB,1.156628877
BSU08840,ssuA,1.163992177
BSU08850,ssuC,1.044658672
BSU08860,ssuD,1.018398013
BSU08870,ygaN,0.917772712
BSU08880,rpsNB,0.974045577
BSU08890,ygaO,0.99118849
BSU08899,ygzD,0.77245736
BSU08900,yhzB,1.048198079
BSU08910,yhbA,0.978177823
BSU08920,yhbB,0.867981694
BSU08930,cspR,1.076050671
BSU08950,yhbE,0.869646301
BSU08960,yhbF,1.050796855
BSU08970,prkA,0.656615944
BSU08980,yhbH,0.522036305
BSU08990,yhbI,0.946681547
BSU09000,yhbJ,1.250595965
BSU09010,yhcA,1.120839041
BSU09020,yhcB,1.124745837
BSU09030,yhcC,1.296293331
BSU09040,yhcD,1.062537671
BSU09050,yhcE,0.571377858
BSU09060,yhcF,0.812433905
BSU09080,yhcH,1.041579155
BSU09090,yhcI,0.908680768
BSU09110,yhcJ,1.040622202
BSU09120,yhcK,1.564133692
BSU09130,tcyP,0.940508984
BSU09140,yhcM,1.016534104
BSU09150,yhcN,0.761619618
BSU09180,yhcQ,1.206100749
BSU09190,yhcR,0.951818702
BSU09200,yhcS,0.883578099
BSU09210,yhcT,1.074701158
BSU09220,yhcU,0.940603369
BSU09230,yhcV,0.846715329
BSU09240,yhcW,0.999892642
BSU09250,yhcX,0.994620006
BSU09260,yhxA,1.175272747
BSU09270,glpP,1.122675745
BSU09280,glpF,0.95366498
BSU09290,glpK,1.071892718
BSU09300,glpD,1.021442285
BSU09310,pgcA,0.416286015
BSU09320,yhcY,0.937809388
BSU09330,yhcZ,1.020631297
BSU09340,yhdA,0.941876979
BSU09350,yhdB,0.937505187
BSU09360,yhdC,0.919723394
BSU09370,lytF,0.921941873
BSU09390,ygxB,0.444870232
BSU09400,spoVR,0.456337058
BSU09410,phoA,1.067564373
BSU09420,lytE,0.86387155
BSU09430,citR,0.987400674
BSU09440,citA,1.072032131
BSU09450,yhdF,0.923358936
BSU09460,ctrA,0.957642132
BSU09470,yhdH,0.856779305
BSU09480,yhdI,1.164884172
BSU09490,yhdJ,0.794004618
BSU09520,sigM,0.902823947
BSU09530,yhdN,1.042218113
BSU09550,yhdP,1.123409171
BSU09560,cueR,0.515173748
BSU09570,yhdR,0.943017802
BSU09590,yhdT,1.226201523
BSU09600,crcBA,1.137165293
BSU09610,yhdV,1.123534642
BSU09620,yhdW,1.012603021
BSU09630,yhdX,0.816843444
BSU09640,yhdY,0.772295401
BSU09650,yhdZ,0.884452688
BSU09660,yheN,0.925687161
BSU09670,dat,0.94891497
BSU09680,nhaC,1.046714645
BSU09690,nhaX,1.056397018
BSU09700,yheJ,0.685077121
BSU09710,yheI,0.93727889
BSU09720,yheH,0.97232621
BSU09730,yheG,0.756972733
BSU09740,yheF,0.883807046
BSU09750,sspB,0.739945695
BSU09760,yheE,0.913973456
BSU09770,yheD,0.729438728
BSU09780,yheC,0.577656185
BSU09790,yheB,0.965421767
BSU09800,yheA,0.991971814
BSU09810,yhaZ,0.938991847
BSU09830,yhaX,0.874467926
BSU09840,hemZ,1.069879817
BSU09850,yhaU,0.886060582
BSU09860,khtT,0.94878211
BSU09870,khtS,0.860816981
BSU09880,yhaR,0.891351022
BSU09889,yhzD,0.821841113
BSU09890,natA,0.963517253
BSU09900,natB,0.752522391
BSU09910,yhaO,0.37991596
BSU09920,yhaN,0.821100721
BSU09930,yhaM,0.609768508
BSU09940,yhaL,0.898064229
BSU09958,yhzE,0.787546416
BSU09965,yhaJ,1.118816945
BSU09980,yhaI,1.068591239
BSU09990,scoC,1.228573667
BSU10000,yhaH,0.868665355
BSU10009,yhzF,0.835223645
BSU10010,trpP,0.905870871
BSU10030,hinT,0.812393026
BSU10040,ecsA,0.232896777
BSU10050,ecsB,0.267204969
BSU10060,ecsC,0.747468395
BSU10070,yhaA,0.9030186
BSU10080,yhfA,0.900216825
BSU10090,yhgB,0.957653167
BSU10100,yhgC,1.029582529
BSU10110,pbpF,0.669714186
BSU10150,yhgD,0.617416052
BSU10160,yhgE,1.030986516
BSU10170,fabHB,0.97756296
BSU10180,yhfC,1.031208312
BSU10200,yhfE,0.514658664
BSU10210,yhfF,0.836785436
BSU10230,yhfH,0.847875864
BSU10240,yhfI,0.95063164
BSU10250,yhfJ,1.078312778
BSU10260,yhfK,1.098173565
BSU10270,lcfB,0.953628018
BSU10280,yhfM,0.904392892
BSU10290,yhfN,0.784995052
BSU10300,aprE,0.880820031
BSU10310,yhfO,0.899187941
BSU10320,yhfP,1.061622471
BSU10330,yhfQ,0.723760115
BSU10340,phoE,1.120495846
BSU10350,yhfS,1.095616654
BSU10360,yhfT,1.009686032
BSU10370,bioY,1.100232425
BSU10380,hemAT,0.906486395
BSU10390,yhfW,0.965353858
BSU10400,yhxC,0.994740014
BSU10410,yhzC,0.914076832
BSU10420,comK,0.993564072
BSU10430,yhxD,1.075405799
BSU10440,yhjA,1.027755958
BSU10450,yhjB,1.022876135
BSU10460,yhjC,1.105015231
BSU10470,yhjD,0.971710473
BSU10480,yhjE,0.862326416
BSU10490,sipV,0.910610124
BSU10500,yhjG,1.156117494
BSU10510,yhjH,0.817049425
BSU10520,glcP,0.890264065
BSU10530,ntdC,1.088615471
BSU10540,ntdB,0.987136154
BSU10550,ntdA,1.056908768
BSU10560,yhjM,0.951722981
BSU10570,yhjN,0.866104875
BSU10580,yhjO,0.976426892
BSU10590,yhjP,1.091292563
BSU10600,yhjQ,1.045577445
BSU10640,sbcD,0.867980973
BSU10650,sbcC,0.988249986
BSU10660,yisB,1.038692542
BSU10670,gerPF,0.536667714
BSU10680,gerPE,0.69911364
BSU10690,gerPD,0.620226309
BSU10700,gerPC,0.520130279
BSU10710,gerPB,0.742143233
BSU10720,gerPA,0.671635342
BSU10730,yisI,1.151404875
BSU10740,yisJ,0.272479956
BSU10750,yisK,0.95954945
BSU10760,yisL,0.880964322
BSU10770,wprA,0.683541568
BSU10780,yisN,0.909899577
BSU10790,asnO,0.303254542
BSU10800,yizA,0.934838424
BSU10810,yisP,0.893523963
BSU10820,yisQ,0.979624977
BSU10830,yisR,0.91545314
BSU10840,degA,0.963530781
BSU10850,yisS,0.909161367
BSU10860,yisT,0.820196584
BSU10870,yisU,0.84760505
BSU10880,yisV,0.466084497
BSU10890,yisX,1.046685289
BSU10900,yisY,1.008306127
BSU10910,yisZ,0.988038706
BSU10920,yitA,0.915347795
BSU10930,yitB,0.844728768
BSU10940,yitC,0.504559601
BSU10950,yitD,0.774080353
BSU10960,yitE,0.933249986
BSU10980,yitG,0.939098455
BSU10990,yitH,0.995386478
BSU11000,yitI,0.981631915
BSU11010,yitJ,1.015323977
BSU11020,yitK,0.906726481
BSU11030,yitL,0.952191
BSU11040,yitM,0.849586789
BSU11055,yitO,0.787963865
BSU11070,yitP,0.936465581
BSU11079,yizB,0.810868512
BSU11080,yitQ,0.92898835
BSU11090,yitR,1.036500736
BSU11100,nprB,0.546007677
BSU11110,yitS,1.03962056
BSU11120,yitT,1.011141073
BSU11130,ipi,0.816502296
BSU11139,yizC,1.012904796
BSU11140,yitU,0.83659805
BSU11150,yitV,0.806050637
BSU11160,yitW,0.670561832
BSU11170,yitY,0.90300145
BSU11180,yitZ,1.050310016
BSU11190,argC,0.046353882
BSU11210,argB,0.046527334
BSU11260,yjzC,0.967434927
BSU11270,yjzD,0.84910598
BSU11280,yjaU,0.761961473
BSU11300,med,1.09016902
BSU11310,comZ,0.949682236
BSU11320,yjzB,0.985713637
BSU11330,fabHA,0.709919892
BSU11350,yjaZ,0.922777205
BSU11360,appD,0.806487214
BSU11370,appF,0.8716251
BSU11381,appA,0.945825078
BSU11382,appA,0.813053501
BSU11390,appB,0.890011997
BSU11400,appC,0.987624253
BSU11410,yjbA,1.089170491
BSU11430,oppA,0.216121945
BSU11440,oppB,0.217147623
BSU11450,oppC,0.272274586
BSU11460,oppD,0.274434292
BSU11470,oppF,0.346044135
BSU11480,yjbB,0.823479771
BSU11490,yjbC,0.844248661
BSU11500,spxA,1.053401983
BSU11510,yjbE,1.007401872
BSU11520,mecA,1.106859953
BSU11530,coiA,0.51648924
BSU11540,pepF,0.544226062
BSU11549,yizD,0.64789296
BSU11550,yjbH,0.391764485
BSU11560,yjbI,0.173275305
BSU11570,yjbJ,0.892543672
BSU11580,yjbK,1.172351455
BSU11590,yjbL,0.659312202
BSU11620,yjbO,1.02922545
BSU11630,prpE,0.955696996
BSU11640,yjbQ,0.998917318
BSU11650,tenA,1.006190851
BSU11660,tenI,0.925129886
BSU11670,thiO,1.030341536
BSU11680,thiS,0.929688478
BSU11690,thiG,0.899688795
BSU11700,thiF,1.249430498
BSU11710,thiD,1.039769033
BSU11720,fabI,0.772232198
BSU11730,cotO,1.111130863
BSU11740,cotZ,0.713258216
BSU11750,cotY,0.996154956
BSU11760,cotX,1.060964696
BSU11770,cotW,0.861051924
BSU11780,cotV,0.928122548
BSU11790,yjcA,0.673614603
BSU11799,yjzK,1.101656332
BSU11809,yjcZ,1.001552108
BSU11810,spoVIF,0.129536884
BSU11820,yjcD,1.015992254
BSU11839,yjzE,1.004818867
BSU11840,yjcF,0.935689737
BSU11850,yjcG,0.930795608
BSU11860,yjcH,0.930759029
BSU11870,metI,0.931428207
BSU11880,metC,0.893978933
BSU11890,yjcK,0.922395822
BSU11900,yjcL,0.984045154
BSU11910,yjcM,1.157338289
BSU11920,yjcN,0.898356865
BSU11928,yjzF,0.956251137
BSU11929,yjzG,0.948594582
BSU11930,yjcO,0.936153712
BSU11940,yjcP,1.07278738
BSU11950,yjcQ,1.115497624
BSU11960,yjcR,0.995260723
BSU11970,yjcS,0.89192572
BSU11980,yjdA,0.898499967
BSU11990,yjdB,0.946279096
BSU12000,manR,0.933519659
BSU12010,manP,0.620423645
BSU12020,manA,0.998507315
BSU12030,yjdF,0.888155322
BSU12040,yjdG,0.921830239
BSU12050,yjdH,0.950344344
BSU12060,yjdI,1.0022067
BSU12069,yjzH,1.00393866
BSU12070,yjdJ,0.861945935
BSU12080,ctaO,0.834494066
BSU12090,cotT,0.940662979
BSU12100,yjeA,1.180689395
BSU12110,yjfA,0.840651781
BSU12120,yjfB,1.111976259
BSU12130,yjfC,0.960400109
BSU12140,yjgA,1.08388406
BSU12150,yjgB,0.892208493
BSU12160,yjgC,0.976127121
BSU12170,yjgD,0.980674577
BSU12180,yjhA,0.923473355
BSU12190,yjhB,0.898646435
BSU12200,yjiA,0.911307516
BSU12210,yjiB,1.065211184
BSU12220,yjiC,1.022427959
BSU12229,yjzI,0.976874342
BSU12230,yjjA,0.999956286
BSU12240,yjkA,0.911079731
BSU12250,yjkB,1.023379996
BSU12260,yjlA,1.181826117
BSU12270,yjlB,1.034369727
BSU12280,rex,0.83036273
BSU12290,ndh,0.673948225
BSU12300,uxaC,0.929636219
BSU12310,exuM,1.166515591
BSU12320,yjmC,0.854631449
BSU12330,yjmD,1.284330198
BSU12340,uxuA,0.906193741
BSU12350,uxuB,1.047891572
BSU12360,exuT,1.072718465
BSU12370,exuR,0.964994555
BSU12380,uxaB,0.906099307
BSU12390,uxaA,0.845526463
BSU12410,yjoA,0.97247963
BSU12420,yjoB,1.003762223
BSU12440,phrA,0.15951648
BSU12450,yjpA,1.626043056
BSU12460,xlyB,1.139423404
BSU12470,yjqA,1.138536389
BSU12480,yjqB,0.982574803
BSU12500,xkdA,0.973019892
BSU12539,ykzK,0.830541439
BSU12540,xkdD,0.873994444
BSU12550,xtrA,1.077117913
BSU12560,xpf,0.965181503
BSU12570,xtmA,1.027637775
BSU12580,xtmB,0.938831391
BSU12590,xkdE,1.049092787
BSU12600,xkdF,0.939256121
BSU12610,xkdG,0.793345295
BSU12619,ykzL,1.078142864
BSU12630,xkdI,1.152725691
BSU12640,xkdJ,1.029023299
BSU12649,ykzM,0.928668919
BSU12650,xkdK,0.833010734
BSU12660,xkdM,0.923435345
BSU12671,xkdN,1.027230173
BSU12672,xkzB,0.909534246
BSU12680,xkdO,0.89694173
BSU12690,xkdP,1.06215874
BSU12700,xkdQ,1.071821242
BSU12710,xkdR,0.934365592
BSU12720,xkdS,0.949886454
BSU12730,xkdT,1.015651564
BSU12740,xkdU,1.12614685
BSU12749,xkzA,0.937045799
BSU12750,xkdV,1.008261442
BSU12760,xkdW,1.040178743
BSU12770,xkdX,0.596856132
BSU12780,xepA,1.262056111
BSU12790,xhlA,1.065187804
BSU12800,xhlB,1.087677815
BSU12810,xlyA,0.928761854
BSU12830,spoIISA,0.86476096
BSU12840,pit,1.151279762
BSU12850,ykaA,0.971133727
BSU12860,ykbA,0.857825453
BSU12870,mhqA,0.974784174
BSU12880,ykcB,0.490137883
BSU12890,ykcC,0.973221802
BSU12900,htrA,1.041493298
BSU12910,proG,1.043767807
BSU12930,dppB,1.192180949
BSU12940,dppC,0.996926706
BSU12950,dppD,0.995717451
BSU12960,dppE,1.026047124
BSU12970,ykfA,0.521840102
BSU12980,ykfB,0.806098815
BSU12990,ykfC,0.731401173
BSU13000,ykfD,0.934863372
BSU13020,ykgA,1.282607991
BSU13030,ykhA,1.104413306
BSU13040,hmp,0.999081884
BSU13050,ykzH,0.973279237
BSU13060,ykjA,0.899855391
BSU13070,ykkA,0.828406337
BSU13080,ykkB,1.194878327
BSU13090,ykkC,1.045443687
BSU13100,ykkD,0.933332372
BSU13120,proB,1.276071326
BSU13140,ohrA,0.868850052
BSU13150,ohrR,1.188057173
BSU13160,ohrB,1.069655536
BSU13169,ykzN,0.871429801
BSU13170,guaD,1.045968158
BSU13190,ispA,0.895761441
BSU13200,rsbRB,0.945173561
BSU13210,thiX,1.075711883
BSU13220,thiW,0.975935669
BSU13230,thiV,1.122380735
BSU13240,thiU,0.950599195
BSU13250,ykoG,0.981064382
BSU13260,ykoH,0.976584878
BSU13270,ykoI,1.026171552
BSU13280,ykoJ,1.042192836
BSU13290,ykzD,1.036805118
BSU13299,ykzO,0.22712202
BSU13310,tnrA,0.759025421
BSU13330,ykoL,1.00933121
BSU13340,ykoM,1.202741783
BSU13350,ykoN,1.089187287
BSU13360,ykoP,1.120203183
BSU13370,ykoQ,1.082191392
BSU13380,ykoS,0.626121385
BSU13390,ykoT,0.768234188
BSU13400,ykoU,0.814752051
BSU13410,ykoV,0.797963781
BSU13420,ykoW,0.786673847
BSU13430,ykoX,1.017387129
BSU13440,ykoY,0.804517548
BSU13450,sigI,0.766629224
BSU13460,rsgI,1.076322727
BSU13470,sspD,0.931469873
BSU13480,ykrK,0.609226577
BSU13490,htpX,1.030498339
BSU13500,ktrD,1.016754959
BSU13509,ykzP,0.75828907
BSU13510,ykzE,0.825394637
BSU13520,ykrP,0.881607522
BSU13530,kinE,1.458446954
BSU13550,mtnA,0.856686942
BSU13560,mtnK,0.860562111
BSU13570,mtnU,0.76002639
BSU13580,mtnE,0.985614616
BSU13590,mtnW,1.258567419
BSU13600,mtnX,1.250098928
BSU13610,mtnB,1.109686226
BSU13620,mtnD,1.131321176
BSU13630,ykvA,0.887398575
BSU13640,spo0E,0.736896895
BSU13650,eag,0.970463971
BSU13660,kinD,1.348266291
BSU13670,mhqR,0.570086262
BSU13680,motB,0.619988775
BSU13690,motA,0.751024268
BSU13700,clpE,1.192397876
BSU13710,ykvI,0.875540576
BSU13720,queC,0.975416895
BSU13730,queD,0.666690631
BSU13740,queE,0.936776472
BSU13750,queF,0.862795634
BSU13760,ykvN,1.112811949
BSU13770,ykvO,1.024142166
BSU13780,ykvP,0.860680695
BSU13789,ykzQ,0.925180822
BSU13790,ykvQ,0.932371238
BSU13799,ykzR,1.070297116
BSU13800,ykvR,1.015284859
BSU13810,ykvS,0.97868077
BSU13819,ykzS,1.069704296
BSU13830,ykvU,0.266280456
BSU13840,stoA,0.395894339
BSU13850,zosA,1.135280987
BSU13860,ykvY,0.9294106
BSU13870,ykvZ,0.826671271
BSU13880,glcT,0.985559582
BSU13890,ptsG,1.100945806
BSU13900,ptsH,0.240000438
BSU13910,ptsI,0.24820573
BSU13930,splB,0.957008744
BSU13940,ykwB,1.158024898
BSU13950,mcpC,0.753017886
BSU13960,ykwC,0.944390461
BSU13970,ykwD,1.027952694
BSU13980,pbpH,1.760984682
BSU14009,ykzT,0.961404135
BSU14010,cheV,0.957733258
BSU14020,ykyB,0.870524041
BSU14030,ykuC,0.665998179
BSU14040,ykuD,1.033653238
BSU14050,ykuE,1.076982839
BSU14060,fadH,0.804077842
BSU14071,fadG,0.971907464
BSU14072,ykzU,0.902790285
BSU14080,ykuH,0.734922587
BSU14090,ykuI,1.04928436
BSU14100,ykuJ,0.749109691
BSU14110,ykuK,0.901330099
BSU14120,ykzF,1.021084614
BSU14130,ykuL,1.001863546
BSU14140,ccpC,1.021641584
BSU14150,ykuN,0.58052142
BSU14160,ykuO,0.962920309
BSU14170,ykuP,1.162941885
BSU14200,ykuS,0.974739871
BSU14210,ykuT,1.073982179
BSU14220,ykuU,1.179888376
BSU14230,ykuV,0.774577102
BSU14250,yknT,0.962511069
BSU14260,mobA,0.751653636
BSU14270,moeB,0.651013875
BSU14280,moeA,1.028649771
BSU14290,mobB,1.110047892
BSU14300,moaE,1.181470096
BSU14310,moaD,1.290957579
BSU14330,yknV,1.02978616
BSU14340,yknW,0.800778207
BSU14350,yknX,0.820852996
BSU14360,yknY,0.984427256
BSU14370,yknZ,0.870715536
BSU14380,fruR,0.79843882
BSU14390,fruK,1.125868554
BSU14400,fruA,0.697219854
BSU14410,sipT,0.949587665
BSU14420,ykoA,1.087087946
BSU14430,ykpA,0.906876376
BSU14440,panE,1.304616045
BSU14450,ampS,1.123998238
BSU14460,ykpC,1.06032626
BSU14470,mreBH,1.064226399
BSU14480,abh,0.721243222
BSU14490,kinC,0.893697497
BSU14500,ykqA,0.963437113
BSU14510,ktrC,1.055543941
BSU14550,ykrA,0.899092136
BSU14560,defB,0.738507324
BSU14569,ykzV,1.219972519
BSU14570,ykyA,0.770786881
BSU14620,slp,1.076292687
BSU14629,ykzW,0.9086921
BSU14630,speA,0.772551696
BSU14640,yktA,0.922875714
BSU14650,yktB,0.907936389
BSU14660,ykzI,0.640721463
BSU14670,suhB,0.922392768
BSU14680,ykzC,0.907641039
BSU14690,yktD,0.911380694
BSU14700,nprE,1.001744638
BSU14710,ylaA,0.925445818
BSU14720,ylaB,0.893480847
BSU14730,ylaC,1.009616292
BSU14740,ylaD,0.828013892
BSU14750,ylaE,1.072243569
BSU14760,ylaF,1.083106912
BSU14770,bipA,0.819397239
BSU14780,ylaH,0.754007256
BSU14800,ylaJ,1.291673753
BSU14830,glsB,1.069815713
BSU14860,pycA,0.982623555
BSU14880,ctaB,0.427296976
BSU14890,ctaC,1.310768019
BSU14900,ctaD,1.071624045
BSU14910,ctaE,0.920343567
BSU14920,ctaF,0.872827583
BSU14930,ctaG,1.04430328
BSU14940,ylbA,1.158143587
BSU14950,ylbB,0.968854273
BSU14960,ylbC,0.87073341
BSU14970,ylbD,0.542880957
BSU14980,ylbE,0.898311818
BSU14990,ylbF,0.106152665
BSU15000,ylbG,0.71442363
BSU15010,ylbH,0.789140038
BSU15030,ylbJ,0.596762371
BSU15040,ylbK,0.870267873
BSU15060,ylbM,0.716668211
BSU15069,ylzH,0.417114918
BSU15070,ylbN,0.814036589
BSU15080,rpmF,0.271959613
BSU15090,ylbO,0.527338205
BSU15100,ylbP,0.875086245
BSU15110,ylbQ,1.105745521
BSU15120,yllA,1.039893173
BSU15130,mraZ,1.049978196
BSU15140,mraW,0.730258785
BSU15170,spoVD,0.104202159
BSU15210,spoVE,0.131352945
BSU15250,ylxW,0.743123057
BSU15260,ylxX,0.841980294
BSU15270,sbp,0.922686711
BSU15300,bpr,1.065636768
BSU15310,spoIIGA,0.05874262
BSU15320,sigE,0.045687129
BSU15330,sigG,0.039052052
BSU15340,ylmA,1.113138114
BSU15350,thiQ,0.982421997
BSU15360,ylmC,0.84239517
BSU15370,ylmD,0.724078862
BSU15380,ylmE,0.814393097
BSU15390,sepF,0.822344112
BSU15400,ylmG,0.957305562
BSU15410,ylmH,0.87975463
BSU15420,divIVA,0.209692288
BSU15440,ylyA,0.958037896
BSU15450,lspA,0.711087111
BSU15470,pyrR,1.390810493
BSU15480,pyrP,0.972878123
BSU15490,pyrB,1.068747299
BSU15500,pyrC,1.169262152
BSU15510,pyrAA,0.784497911
BSU15520,pyrAB,0.830213944
BSU15530,pyrK,0.970235263
BSU15540,pyrD,1.158923428
BSU15550,pyrF,0.939798709
BSU15560,pyrE,0.816360765
BSU15580,cysP,1.12545629
BSU15590,sat,0.918514817
BSU15600,cysC,1.18146897
BSU15610,sumT,1.023309757
BSU15630,sirC,1.282357145
BSU15640,yloA,0.669295321
BSU15650,yloB,0.64533781
BSU15660,yloC,1.277666064
BSU15670,ylzA,0.969111523
BSU15690,rpoZ,1.056331311
BSU15720,defA,1.054164589
BSU15740,rsmB,0.979838732
BSU15750,yloN,0.556408637
BSU15760,prpC,0.380226906
BSU15770,prkC,1.072186299
BSU15780,cpgA,0.082780403
BSU15800,thiN,0.114829573
BSU15810,spoVM,0.11427384
BSU15820,rpmB,1.129413227
BSU15830,yloU,0.863693509
BSU15840,yloV,0.925547225
BSU15850,sdaAB,1.056412943
BSU15860,sdaAA,0.769682107
BSU15870,recG,0.513155638
BSU15880,fapR,1.071214588
BSU15960,ylqB,0.830761218
BSU15970,ylxM,0.617050272
BSU16000,ylqC,0.818623752
BSU16010,ylqD,0.919756113
BSU16020,rimM,0.006403659
BSU16060,rnhB,0.859215235
BSU16070,ylqG,1.139232579
BSU16080,ylqH,1.178262788
BSU16110,dprA,0.49220361
BSU16130,trmFO,0.852458718
BSU16150,clpQ,0.794628477
BSU16160,clpY,0.483353824
BSU16170,codY,0.988084233
BSU16180,flgB,0.531847811
BSU16190,flgC,0.810916784
BSU16200,fliE,0.926761273
BSU16210,fliF,0.978060942
BSU16220,fliG,1.303394452
BSU16230,fliH,0.908320946
BSU16240,fliI,0.89816459
BSU16250,fliJ,0.782547297
BSU16260,ylxF,0.914336088
BSU16270,fliK,0.641442666
BSU16280,flgD,0.707007875
BSU16290,flgE,0.901872027
BSU16299,ylzI,0.804522291
BSU16300,fliL,0.890642874
BSU16310,fliM,0.947550815
BSU16320,fliY,0.654723663
BSU16330,cheY,0.197495211
BSU16340,fliZ,0.959787093
BSU16350,fliP,0.742388363
BSU16360,fliQ,0.833231273
BSU16370,fliR,0.694282237
BSU16380,flhB,0.957188318
BSU16390,flhA,0.994357057
BSU16400,flhF,0.864085851
BSU16410,ylxH,0.797116232
BSU16420,cheB,0.974780609
BSU16440,cheW,0.702583073
BSU16450,cheC,0.825473228
BSU16460,cheD,0.834388103
BSU16470,sigD,0.975062318
BSU16480,ylxL,0.637464016
BSU16560,rasP,0.119958829
BSU16590,ylxS,0.222238386
BSU16610,ylxR,0.655066982
BSU16620,rplGA,0.281048132
BSU16640,ylxP,0.862047494
BSU16650,rbfA,0.182697172
BSU16660,truB,0.749447933
BSU16690,pnpA,0.32597363
BSU16700,ylxY,0.974105697
BSU16710,mlpA,0.892173707
BSU16720,ymxH,0.963495057
BSU16730,spoVFA,0.368751172
BSU16740,spoVFB,0.509219009
BSU16780,rnjB,0.824152065
BSU16790,tepA,1.156906471
BSU16799,ylzJ,1.237832478
BSU16800,spoIIIE,0.006902234
BSU16810,ymfC,1.172105217
BSU16825,ymfD,0.962028717
BSU16845,ymfF,1.030032962
BSU16860,ymfH,0.821203121
BSU16880,ymfJ,0.931455074
BSU16890,ymfK,0.889904462
BSU16900,ymfK,0.861658813
BSU16910,ymfM,0.925419711
BSU16930,cinA,0.92312176
BSU16940,recA,0.446764328
BSU16950,pbpX,1.195194574
BSU16970,ymdB,0.366658073
BSU16980,spoVS,0.103541251
BSU17000,kbl,1.222378488
BSU17010,ymcB,0.753695073
BSU17040,mutS,1.091396461
BSU17050,mutL,0.952361426
BSU17060,ymzD,1.100902402
BSU17070,ymcC,1.079971992
BSU17080,pksA,1.050710984
BSU17090,pksB,1.152468844
BSU17100,pksC,0.852675673
BSU17110,pksD,0.888757454
BSU17120,pksE,0.786391554
BSU17130,acpK,0.854542209
BSU17140,pksF,0.968182798
BSU17150,pksG,0.868987741
BSU17160,pksH,1.027140585
BSU17170,pksI,0.93773958
BSU17180,pksJ,0.923743986
BSU17190,pksL,0.757612715
BSU17200,pksM,0.894412567
BSU17210,pksN,0.732622781
BSU17220,pksR,0.874086454
BSU17230,pksS,0.84642586
BSU17240,ymzB,0.975688688
BSU17250,ymaE,1.090258964
BSU17260,aprX,0.69127072
BSU17266,ymzE,1.018637448
BSU17267,ymzE,0.83338158
BSU17270,ymaC,0.906686257
BSU17280,ymaD,0.992242155
BSU17290,ebrB,0.976293017
BSU17300,ebrA,1.033354593
BSU17310,ymaG,0.950769186
BSU17330,miaA,0.627981175
BSU17340,ymaH,0.755061337
BSU17350,ymzC,1.142841041
BSU17360,ymzA,1.311228292
BSU17400,ymaB,0.973769093
BSU17410,cwlC,1.117967764
BSU17420,spoVK,0.369284919
BSU17430,ynbA,0.844839559
BSU17440,ynbB,0.56429233
BSU17450,glnR,0.529383497
BSU17470,ynxB,1.083396186
BSU17480,ynzF,1.119918637
BSU17490,ynzG,0.653878104
BSU17500,ynaB,1.061703673
BSU17510,ynaC,1.05297475
BSU17520,ynaD,1.070157433
BSU17530,ynaE,1.219371882
BSU17540,ynaF,1.049267447
BSU17550,ynaG,1.065982737
BSU17559,ynzI,0.874281074
BSU17560,ynaI,1.025986817
BSU17570,xynP,0.984779071
BSU17580,xynB,1.194340478
BSU17590,xylR,1.030674982
BSU17600,xylA,0.863869262
BSU17610,xylB,1.155394147
BSU17620,yncB,1.14801156
BSU17630,yncC,1.000134878
BSU17640,alrB,0.975125263
BSU17650,yncE,1.157920509
BSU17660,yncF,1.074193829
BSU17670,cotU,1.086836159
BSU17678,ynzJ,1.343203629
BSU17680,thyA,0.984307389
BSU17690,yncM,0.754776195
BSU17699,ynzK,0.868374903
BSU17700,cotC,1.105456142
BSU17710,tatAC,1.153652003
BSU17720,yndA,1.057431973
BSU17730,yndB,1.023957897
BSU17740,ynzB,1.026280482
BSU17750,yndD,1.035878837
BSU17760,yndE,1.045355225
BSU17770,yndF,1.095287564
BSU17780,yndG,0.995919044
BSU17790,yndH,0.94271486
BSU17800,yndJ,1.138712799
BSU17810,yndK,1.083547421
BSU17820,yndL,0.99284028
BSU17830,yndM,1.078579262
BSU17840,fosB,0.971652648
BSU17850,lexA,0.097328126
BSU17860,yneA,1.075147667
BSU17870,yneB,1.15254831
BSU17880,ynzC,1.184747671
BSU17900,yneE,0.687544633
BSU17920,ynzD,1.091717455
BSU17930,ccdA,0.209792566
BSU17940,yneI,1.013821716
BSU17950,yneJ,1.318683735
BSU17970,cotM,1.096805721
BSU17980,sspP,0.952404063
BSU18010,yneN,0.95810857
BSU18019,ynzL,0.879132945
BSU18020,sspN,0.998865208
BSU18030,tlp,0.978145548
BSU18040,yneP,0.992683214
BSU18050,yneQ,0.910370096
BSU18060,yneR,1.025945835
BSU18080,yneT,0.88884698
BSU18110,ynfC,0.98907425
BSU18120,alsT,0.939108986
BSU18130,eglS,0.939348667
BSU18140,ynfE,0.852314799
BSU18150,xynC,0.952723218
BSU18160,xynD,0.989617027
BSU18170,yngA,0.942780672
BSU18180,yngB,0.964158066
BSU18190,yngC,1.097943077
BSU18200,yngD,1.120731979
BSU18210,yngE,1.04987032
BSU18220,yngF,1.018595566
BSU18230,yngG,1.244836048
BSU18239,yngHB,1.264892485
BSU18240,yngHA,1.196624959
BSU18250,yngI,1.194101732
BSU18260,yngJ,1.124808817
BSU18270,ynzE,1.084867144
BSU18280,yngK,1.071528718
BSU18290,yngL,1.080298904
BSU18300,ppsE,1.172907242
BSU18310,ppsD,1.182917056
BSU18320,ppsC,1.128333323
BSU18330,ppsB,0.99335249
BSU18340,ppsA,1.144061454
BSU18350,dacC,1.06701727
BSU18360,yoxA,1.017931375
BSU18370,yoeA,1.197952874
BSU18380,iseA,1.029633925
BSU18390,yoeC,1.021692168
BSU18400,yoeD,1.057888142
BSU18410,ggt,1.124486312
BSU18420,ftsR,1.042912888
BSU18430,yogA,1.102633356
BSU18440,gltB,1.095590057
BSU18450,gltA,1.292739826
BSU18460,gltC,1.128868322
BSU18470,proJ,0.860074046
BSU18480,proH,0.870251499
BSU18490,rtp,0.92604049
BSU18500,yoxD,1.044535722
BSU18510,yoxC,0.97077147
BSU18520,yoxB,1.018199682
BSU18530,yoaA,1.089142367
BSU18540,yoaB,1.091363739
BSU18550,yoaC,1.088140266
BSU18560,yoaD,0.746532604
BSU18570,yoaE,1.050461971
BSU18580,yoaF,0.998088995
BSU18590,yoaG,0.979647739
BSU18600,yozQ,1.040188194
BSU18610,yoaH,0.91786604
BSU18620,yoaI,0.910436731
BSU18630,exlX,1.022008646
BSU18640,yoaK,1.020993084
BSU18650,pelB,0.975909973
BSU18660,yoaM,0.998457848
BSU18669,yozS,1.055244122
BSU18670,yoaN,0.960062183
BSU18680,yoaO,0.840436634
BSU18690,yoaP,1.15516961
BSU18700,yoaQ,0.994642657
BSU18709,yozT,1.064817242
BSU18710,yozF,1.020863013
BSU18720,yoaR,1.109836575
BSU18730,yoaS,0.801278585
BSU18740,yozG,0.971247529
BSU18750,yoaT,0.951105496
BSU18760,yoaU,0.944481032
BSU18770,cyeA,1.107957361
BSU18780,yoaW,0.986771372
BSU18790,yoaZ,0.964852851
BSU18800,penP,0.990707285
BSU18810,yobA,1.067228881
BSU18819,yozU,1.103933799
BSU18820,yobB,0.910497098
BSU18830,pps,0.844406626
BSU18840,xynA,1.095063951
BSU18849,yozV,1.113766405
BSU18850,yobD,1.01229745
BSU18860,yozH,0.954952014
BSU18870,yozI,1.001335835
BSU18880,yobE,0.930928577
BSU18890,yobF,1.062479287
BSU18898,yozW,1.0549425
BSU18899,yozX,0.843856254
BSU18900,yozJ,0.944620791
BSU18908,yozY,1.129736088
BSU18909,yozZ,1.062993159
BSU18910,rapK,1.123719928
BSU18920,phrK,0.251123725
BSU18930,yobH,0.891781361
BSU18940,yozK,1.101103302
BSU18950,yozL,1.028275997
BSU18960,yozM,1.024962517
BSU18970,yobI,1.123996483
BSU18979,yoyA,0.850264056
BSU18980,yobJ,1.039811649
BSU18990,yobK,1.109719962
BSU19000,yobL,1.004568514
BSU19010,yobM,1.025602464
BSU19020,yobN,0.925725073
BSU19030,yobO,1.048980376
BSU19040,csaA,1.028358078
BSU19050,yobQ,0.975569727
BSU19060,yobR,1.140472804
BSU19070,yobS,0.917031717
BSU19080,yobT,1.047985932
BSU19090,yobU,1.031878984
BSU19100,yobV,1.059320853
BSU19110,yobW,0.858408739
BSU19120,czrA,0.760906691
BSU19130,yocA,1.005859756
BSU19150,yocB,0.927707913
BSU19160,yocC,1.113914606
BSU19170,yocD,1.13084635
BSU19180,des,0.977610393
BSU19190,desK,1.054622107
BSU19200,desR,1.003532366
BSU19210,yocH,1.077880247
BSU19220,yocI,0.931780216
BSU19230,yocJ,1.093507089
BSU19240,yocK,0.986815314
BSU19250,yocL,1.076765127
BSU19259,yoyB,0.985862232
BSU19260,yocM,0.944830149
BSU19270,yozN,0.92895908
BSU19280,yocN,1.131817795
BSU19290,yozO,1.101025818
BSU19300,yozC,0.900824748
BSU19310,dhaS,1.000935192
BSU19320,sqhC,0.897326498
BSU19330,sodF,0.899414397
BSU19340,yocR,0.85711544
BSU19350,yocS,1.151270487
BSU19380,yojO,1.108523731
BSU19390,yojN,1.016295893
BSU19400,sodC,1.151947608
BSU19410,cwlS,1.046045489
BSU19420,yojK,1.109646423
BSU19430,yojJ,0.67895976
BSU19440,norM,1.021271181
BSU19450,rsbRC,1.043178178
BSU19460,yojG,1.03371376
BSU19470,yojF,1.191472632
BSU19479,yoyC,1.010266031
BSU19480,yojE,1.059413365
BSU19490,gerT,0.804875827
BSU19510,yojB,1.047038461
BSU19520,yojA,1.142569849
BSU19530,yodA,1.101890336
BSU19540,yodB,0.948605337
BSU19550,yodC,1.050666501
BSU19560,yodD,0.929399474
BSU19570,yodE,0.951949722
BSU19579,yoyD,1.040208995
BSU19580,yodF,1.009236329
BSU19590,ctpA,0.955958979
BSU19600,yodH,1.093066883
BSU19610,yodI,1.120131727
BSU19620,yodJ,0.965288089
BSU19630,deoD,0.976104967
BSU19639,yoyE,1.010334843
BSU19640,yodL,0.920006929
BSU19650,yodM,0.851318331
BSU19660,yozD,1.017219078
BSU19669,yoyF,0.824590714
BSU19689,yokU,1.00440594
BSU19690,kamA,0.91547721
BSU19700,yodP,0.987453747
BSU19710,yodQ,1.023252226
BSU19720,yodR,1.060464371
BSU19730,yodS,1.069688952
BSU19740,yodT,1.042034592
BSU19749,yoyG,0.937140447
BSU19750,cgeE,1.097180253
BSU19760,cgeD,0.908414304
BSU19770,cgeC,1.182050052
BSU19780,cgeA,1.031879986
BSU19790,cgeB,0.860271311
BSU19800,phy,0.950027173
BSU19810,ypqP,0.891451207
BSU19820,yotN,0.925792069
BSU19830,yotM,0.849788837
BSU19840,yotL,0.904085985
BSU19870,yotI,1.039093723
BSU19880,yotH,0.898115521
BSU19900,yotF,0.945919132
BSU19910,yotE,0.853297795
BSU19920,yotD,0.884501392
BSU19930,yotC,0.554036621
BSU19940,yotB,0.808210956
BSU19950,sspC,0.981880118
BSU19970,yosX,0.83953938
BSU19980,yosW,0.995368286
BSU19990,yosV,0.97004218
BSU19999,yojW,0.919970149
BSU20000,yosU,1.121315882
BSU20010,yosT,0.966646839
BSU20020,yosS,1.038030343
BSU20030,yosR,1.134800246
BSU20040,yosP,1.012821025
BSU20050,yosQ,0.981231597
BSU20070,nrdIB,0.540839742
BSU20080,yosL,0.911889742
BSU20090,yosK,0.962312108
BSU20100,yosJ,1.070947015
BSU20110,yosI,1.093072383
BSU20120,yosH,1.028428174
BSU20130,yosG,0.872834928
BSU20140,yosF,1.005064361
BSU20150,yosE,1.00905963
BSU20160,yosD,0.978278735
BSU20170,yosC,0.742419778
BSU20180,yosB,0.973991946
BSU20190,yosA,1.081413551
BSU20200,yorZ,1.048895855
BSU20210,yorY,1.063002727
BSU20220,yorX,1.096239726
BSU20230,yorW,1.128953414
BSU20240,yorV,1.059759447
BSU20250,mtbP,1.065764519
BSU20260,yorT,1.024043418
BSU20270,yorS,0.993528007
BSU20280,yorR,1.061527682
BSU20290,yorQ,1.006880505
BSU20300,yorP,0.987146823
BSU20310,yorO,0.864852657
BSU20320,yorN,1.165489782
BSU20330,yorM,1.035062066
BSU20340,yorL,1.054622698
BSU20350,yorK,0.942715095
BSU20360,yorJ,0.935133491
BSU20370,yorI,0.964393035
BSU20380,yorH,1.105046615
BSU20390,yorG,1.107315921
BSU20400,yorF,0.974614495
BSU20410,yorE,1.083455822
BSU20420,yorD,0.991558977
BSU20430,yorC,0.979746031
BSU20440,yorB,1.012110771
BSU20450,yorA,1.119136693
BSU20460,yoqZ,0.993540064
BSU20470,yoqY,1.034613618
BSU20480,yoqX,0.922189662
BSU20490,yoqW,1.023281561
BSU20500,ligB,1.281396413
BSU20510,yoqU,0.952667612
BSU20520,yoqT,0.982724588
BSU20530,yoqS,0.996493836
BSU20540,yoqR,1.029348278
BSU20550,yoqP,0.933616175
BSU20560,yoqO,0.977514123
BSU20570,yoqN,0.974045404
BSU20580,yoqM,1.093528909
BSU20590,yoqL,1.001483359
BSU20600,yoqK,1.03567976
BSU20610,yoqJ,0.64309599
BSU20620,yoqI,0.966345598
BSU20630,yoqH,0.838517728
BSU20640,yoqG,0.824536539
BSU20660,yoqE,0.637997984
BSU20680,yoqC,0.916356638
BSU20690,yoqB,0.819725095
BSU20700,yoqA,1.0434244
BSU20710,yopZ,1.006078654
BSU20720,yopY,0.515401147
BSU20730,yopX,0.645401206
BSU20740,yopW,0.666514459
BSU20750,yopV,0.911470424
BSU20760,yopU,1.07440116
BSU20770,yopT,0.903949751
BSU20780,yopS,0.929314041
BSU20800,yopQ,0.15321912
BSU20810,yopP,1.032999692
BSU20820,yopO,1.041831683
BSU20830,yopN,1.024291825
BSU20840,yopM,1.110251784
BSU20850,yopL,0.676050715
BSU20860,yopK,0.944594404
BSU20870,yopJ,0.983772183
BSU20880,yopI,0.936757769
BSU20890,yopH,1.020914956
BSU20900,yopG,1.031505406
BSU20910,yopF,0.924225332
BSU20920,yopE,0.699205194
BSU20928,yoyH,1.097160916
BSU20929,yoyI,1.164287134
BSU20930,yopD,1.339955305
BSU20940,yopC,1.244953134
BSU20950,yopB,0.990350157
BSU20960,yopA,0.922943356
BSU20970,yonX,0.460935318
BSU20980,yonV,0.952070319
BSU20990,yonU,0.88718948
BSU20999,yoyJ,1.018445756
BSU21000,yonT,0.914875936
BSU21010,yonS,1.063341858
BSU21020,yonR,0.955531985
BSU21030,yonP,0.960591591
BSU21040,yonO,0.809961806
BSU21050,yonN,1.013939428
BSU21060,yonK,1.053983405
BSU21080,yonI,0.752866868
BSU21090,yonH,1.131162468
BSU21100,yonG,0.974795814
BSU21110,yonF,1.040688667
BSU21120,yonE,1.013363999
BSU21130,yonD,1.023768137
BSU21140,yonC,1.043425568
BSU21150,yonB,0.961679403
BSU21160,yonA,1.206347531
BSU21170,yomZ,0.820725276
BSU21180,yomY,1.078244179
BSU21190,yomX,0.971161898
BSU21200,yomW,1.004558969
BSU21210,yomV,0.889103968
BSU21220,yomU,0.956830174
BSU21229,youA,0.981110856
BSU21230,yomT,0.841379626
BSU21240,yomS,0.994105281
BSU21250,yomR,1.006668118
BSU21260,yomQ,0.947502054
BSU21270,yomP,1.101807948
BSU21280,yomO,1.060762411
BSU21290,yomN,1.03809999
BSU21300,yomM,1.167961331
BSU21310,yozP,1.080850238
BSU21320,yomL,1.209972213
BSU21329,youB,0.919646787
BSU21330,yomK,1.150536606
BSU21340,yomJ,1.106799448
BSU21350,yomI,1.089631981
BSU21360,yomH,0.999581011
BSU21370,yomG,1.114393402
BSU21380,yomF,1.049356759
BSU21390,yomE,1.14594083
BSU21400,yomD,0.991001967
BSU21410,blyA,1.19864574
BSU21420,bhlA,1.063861452
BSU21430,bhlB,1.084154588
BSU21440,bdbB,1.311642689
BSU21450,yolJ,1.055437811
BSU21460,bdbA,1.158072324
BSU21470,sunT,1.107899513
BSU21480,sunA,0.985531279
BSU21490,sunI,1.021663684
BSU21500,uvrX,1.059776149
BSU21510,yolD,1.144430381
BSU21520,yolC,0.966208966
BSU21530,yolB,0.96848402
BSU21540,yolA,1.072581028
BSU21550,yokL,1.030124903
BSU21560,yokK,0.993553332
BSU21570,yokJ,1.115988622
BSU21580,yokI,1.15315158
BSU21590,yokH,1.030190874
BSU21598,yoyK,1.078405045
BSU21599,yoyK,1.066044269
BSU21600,yokG,1.035255734
BSU21610,yokF,0.845191184
BSU21620,yokE,0.929205067
BSU21630,yokD,1.059112313
BSU21640,yokC,1.077996847
BSU21650,yokB,1.049718583
BSU21660,yokA,0.939990616
BSU21670,ypqP,1.025530536
BSU21680,msrB,1.174800834
BSU21690,msrA,0.890767044
BSU21700,ypoP,0.892038948
BSU21710,dinF,0.915947498
BSU21720,ypmT,1.007291778
BSU21730,ypmS,1.016470691
BSU21740,ypmR,1.031198566
BSU21750,scuA,1.070617286
BSU21760,ypmP,1.076530885
BSU21780,yplP,0.861672262
BSU21790,yplQ,0.969746271
BSU21800,ypkP,1.11908712
BSU21820,thyB,0.82925448
BSU21830,ypjQ,0.989576582
BSU21840,ypjP,1.088982936
BSU21850,ypiP,1.013646716
BSU21860,yphP,1.032879584
BSU21880,ypgR,1.159051009
BSU21890,ypgQ,1.022053579
BSU21900,bsaA,1.042760042
BSU21910,metA,0.736512397
BSU21920,ugtP,0.439953726
BSU21940,degR,0.859757446
BSU21950,ypzA,1.024571566
BSU21960,ypeQ,0.884089957
BSU21970,ypeP,1.014358368
BSU21980,ypdP,0.866253232
BSU21990,ypdQ,1.039968691
BSU22000,sspL,1.023761402
BSU22010,exoA,1.153076464
BSU22019,ypzF,1.042582341
BSU22020,ypbS,0.921891035
BSU22040,ypbQ,1.052463326
BSU22050,bcsA,1.015555011
BSU22060,pbuX,1.016611789
BSU22070,xpt,0.953519595
BSU22080,ypwA,1.106277942
BSU22090,kdgT,1.023169987
BSU22100,kdgA,1.08495959
BSU22110,kdgK,1.108090291
BSU22120,kdgR,0.807567759
BSU22130,kduI,1.053467031
BSU22140,kduD,1.133469748
BSU22160,yptA,1.013793711
BSU22169,ypzG,1.120963027
BSU22170,ypsC,0.994066671
BSU22180,gpsB,0.842150314
BSU22190,ypsA,0.956675591
BSU22200,cotD,0.793407285
BSU22210,yprB,0.952201743
BSU22220,yprA,0.987294051
BSU22230,ypqE,0.976673296
BSU22240,ypqA,0.874583296
BSU22250,yppG,0.745356784
BSU22260,yppF,0.988891937
BSU22270,yppE,0.851323781
BSU22280,yppD,0.97912458
BSU22290,sspM,0.899460591
BSU22300,yppC,0.199479208
BSU22320,ponA,0.284141197
BSU22330,ypoC,1.06407389
BSU22340,nth,1.049056769
BSU22360,asnS,1.005938992
BSU22380,ypmB,0.99565406
BSU22400,dinG,0.878998945
BSU22460,ypjH,1.074164745
BSU22470,ypjG,1.103097793
BSU22480,mgsA,1.102014783
BSU22500,ypjD,0.977201998
BSU22510,ypjC,1.048018815
BSU22520,ypjB,0.810579175
BSU22530,ypjA,0.478705146
BSU22540,qcrC,0.411286294
BSU22550,qcrB,0.765607493
BSU22560,qcrA,0.752951284
BSU22570,ypiF,0.882312641
BSU22580,ypiB,0.761068331
BSU22590,ypiA,1.132677293
BSU22640,trpB,1.029419877
BSU22650,trpF,0.979424435
BSU22660,trpC,0.988033854
BSU22670,trpD,0.975748446
BSU22680,trpE,1.045120445
BSU22690,aroH,0.961783862
BSU22720,cheR,0.806928388
BSU22730,ndk,0.117616041
BSU22750,menH,0.50396157
BSU22770,mtrB,0.572331875
BSU22800,spoIVA,0.094471653
BSU22810,yphF,0.356018238
BSU22820,yphE,0.8113901
BSU22849,ypzH,0.971598289
BSU22850,seaA,1.186283049
BSU22860,yphA,0.868861499
BSU22869,ypzI,0.946533906
BSU22870,fni,0.785582678
BSU22880,ypfD,0.156044004
BSU22900,ypfB,1.019547414
BSU22910,ypfA,1.023289524
BSU22920,ypeB,0.888760553
BSU22930,sleB,0.9953133
BSU22940,prsW,1.158721838
BSU22950,ypdA,1.121380249
BSU22960,gudB,0.884039417
BSU22970,mecB,0.335993392
BSU22980,ypbG,0.292918048
BSU22990,ypbF,0.529724486
BSU23000,ypbE,1.076796747
BSU23010,ypbD,1.062401084
BSU23020,recQ,1.086179696
BSU23030,ypbB,1.131683619
BSU23050,fmnP,1.154759645
BSU23060,ypzE,1.131243182
BSU23090,rsiX,0.299749674
BSU23100,sigX,1.007131731
BSU23110,resE,0.74112095
BSU23130,resC,0.719964376
BSU23150,resA,0.672672837
BSU23160,rluB,0.399674109
BSU23170,spmB,0.168648091
BSU23180,spmA,0.317604746
BSU23190,dacB,0.382066074
BSU23200,ypuI,1.077172115
BSU23230,ypuF,0.897405985
BSU23240,ypzK,0.788827299
BSU23250,ribH,0.980662722
BSU23260,ribAB,1.120353333
BSU23270,ribE,1.091536349
BSU23280,ribD,1.242203036
BSU23300,ypuD,1.079220745
BSU23310,sipS,1.134618922
BSU23320,ypzC,1.096923739
BSU23328,ypzJ,1.001723836
BSU23329,ypuC,1.020222413
BSU23330,ypuC,1.06642607
BSU23340,ypuB,1.134376734
BSU23350,ypzD,0.973898885
BSU23360,ppiB,0.869429932
BSU23370,ypuA,0.926203093
BSU23390,spoVAF,0.930570441
BSU23401,spoVAEA,0.810395852
BSU23402,spoVAEB,0.373696937
BSU23410,spoVAD,0.481062894
BSU23420,spoVAC,0.359447092
BSU23430,spoVAB,0.644267961
BSU23440,spoVAA,0.709945963
BSU23450,sigF,0.035905136
BSU23460,spoIIAB,0.054343279
BSU23470,spoIIAA,0.032269602
BSU23480,dacF,0.044021534
BSU23490,pupG,1.010924553
BSU23500,drm,1.028795559
BSU23519,yqzK,0.381812261
BSU23530,spoIIM,0.011070032
BSU23540,yqkK,1.007350376
BSU23550,mleA,1.172712579
BSU23560,mleN,1.132191703
BSU23570,ansB,0.631166777
BSU23580,ansA,0.781381767
BSU23590,ansR,0.860360818
BSU23600,yqxK,1.1014012
BSU23610,nudF,1.249627073
BSU23620,yqkF,0.936845755
BSU23630,yqkE,1.223587366
BSU23640,yqkD,1.009347303
BSU23650,yqkC,0.983721836
BSU23660,yqkB,0.901816809
BSU23670,yqkA,0.77171855
BSU23680,yqjZ,0.939099536
BSU23690,yqjY,0.89727136
BSU23700,yqjX,0.932069422
BSU23710,polYB,0.796945951
BSU23720,yqzH,1.009660042
BSU23730,yqjV,1.066847841
BSU23740,yqjU,1.004169238
BSU23750,yqjT,1.042558214
BSU23760,coaA,1.086441041
BSU23770,dsdA,0.996417409
BSU23780,yqjQ,0.964031288
BSU23790,yqjP,0.843525538
BSU23800,proI,0.900052247
BSU23810,yqjN,0.917836677
BSU23820,yqjM,0.825323711
BSU23830,yqjL,1.081469762
BSU23850,zwf,0.519236647
BSU23860,gndA,0.719499349
BSU23870,polYA,0.982462812
BSU23880,yqzJ,1.238211251
BSU23890,oxaAB,0.808278569
BSU23900,yqjF,1.142775187
BSU23910,yqjE,1.203024993
BSU23920,yqjD,1.086879398
BSU23930,yqjC,0.853218257
BSU23940,yqjB,0.970462584
BSU23950,yqjA,0.866863552
BSU23960,artR,0.93847764
BSU23970,artQ,1.060257311
BSU23980,artP,1.079762708
BSU23990,yqiW,0.983349318
BSU24000,bmrU,1.004686198
BSU24020,bmrR,0.927741396
BSU24040,bkdAB,0.232844034
BSU24060,lpdV,0.819737371
BSU24070,buk,0.993088194
BSU24080,bcd,0.964631429
BSU24090,ptb,0.981478809
BSU24100,bkdR,0.817851339
BSU24110,yqzF,0.701908647
BSU24120,prpB,1.078751919
BSU24130,prpD,1.134403945
BSU24140,prpC,1.236728842
BSU24150,mmgC,1.126494071
BSU24160,mmgB,1.118436865
BSU24170,mmgA,1.005072875
BSU24180,yqiK,0.89690696
BSU24190,yqiI,1.012808955
BSU24200,yqiH,1.010999805
BSU24220,spo0A,0.000292409
BSU24230,spoIVB,0.027399806
BSU24240,recN,0.981071904
BSU24260,yqxC,0.106901916
BSU24290,xseB,0.823295792
BSU24300,xseA,0.659728276
BSU24330,yqhY,0.181681524
BSU24360,spoIIIAH,0.168265876
BSU24370,spoIIIAG,0.008430549
BSU24380,spoIIIAF,0.025404445
BSU24390,spoIIIAE,0.032309863
BSU24400,spoIIIAD,0.029562993
BSU24410,spoIIIAC,0.036864144
BSU24420,spoIIIAB,0.030358295
BSU24430,spoIIIAA,0.005186581
BSU24440,yqhV,0.986277514
BSU24460,yqhT,0.4484425
BSU24470,yqhS,0.891771273
BSU24480,yqhR,1.003801671
BSU24490,yqhQ,1.092526255
BSU24500,yqhP,0.834418528
BSU24510,yqhO,1.006813709
BSU24540,yqhL,1.026666343
BSU24550,gcvPB,1.162502336
BSU24560,gcvPA,1.09716686
BSU24570,gcvT,1.004517868
BSU24590,yqhG,1.042356238
BSU24600,sinI,0.27232847
BSU24610,sinR,1.244868462
BSU24630,sipW,1.335808056
BSU24640,yqxM,1.111264085
BSU24650,yqzG,1.111824163
BSU24660,yqzE,0.271503981
BSU24670,comGG,1.10858793
BSU24680,comGF,0.980974814
BSU24690,comGE,1.075232785
BSU24700,comGD,1.012436253
BSU24710,comGC,1.126815218
BSU24720,comGB,1.041338281
BSU24730,comGA,1.133459349
BSU24740,yqxL,0.971680831
BSU24750,yqhB,0.996988419
BSU24760,rsbRD,1.037863223
BSU24770,mgsR,0.99506458
BSU24780,yqgY,0.663486839
BSU24790,yqgX,0.999481828
BSU24800,yqgW,0.821130543
BSU24810,yqgV,1.02692692
BSU24820,yqgU,1.026034826
BSU24830,yqgT,0.902269471
BSU24840,yqgS,0.991672199
BSU24850,glcK,0.94867408
BSU24860,yqgQ,1.054559445
BSU24870,glpG,1.055153408
BSU24880,yqgO,1.105287887
BSU24890,yqgN,1.03618866
BSU24900,rpmGA,0.498450692
BSU24910,yqgM,0.865973895
BSU24920,yqgL,0.937212286
BSU24930,yqzD,0.936001952
BSU24940,yqzC,0.948622448
BSU24950,pstBB,0.960626204
BSU24960,pstBA,1.158415784
BSU24970,pstA,0.952595677
BSU24980,pstC,0.847167445
BSU24990,pstS,1.026114004
BSU25000,pbpA,1.037370454
BSU25010,yqgE,0.83938113
BSU25050,yqgA,0.896981049
BSU25060,yqfZ,0.775632548
BSU25080,yqfX,1.001537369
BSU25090,yqfW,0.99429839
BSU25100,zur,0.76451624
BSU25110,yqfU,0.912907631
BSU25120,yqfT,0.3195718
BSU25130,nfo,0.953474873
BSU25140,cshB,0.361421466
BSU25150,yqfQ,1.090800671
BSU25170,yqfO,0.685945366
BSU25180,trmK,0.680206362
BSU25190,cccA,0.764637603
BSU25230,yqxD,0.102615241
BSU25240,yqfL,0.194767813
BSU25250,ccpN,0.90362347
BSU25289,yqzL,0.662642877
BSU25300,cdd,1.127644588
BSU25310,dgkA,0.224700466
BSU25330,yqfF,0.977035366
BSU25340,phoH,0.831513023
BSU25350,yqfD,0.19371422
BSU25360,yqfC,0.786342806
BSU25370,yqfB,0.141206232
BSU25380,yqfA,0.999927278
BSU25390,yqeZ,1.035777066
BSU25400,yqeY,0.76641309
BSU25410,rpsU,0.256172312
BSU25420,yqeW,0.754638208
BSU25430,rimO,0.88272427
BSU25440,rsmE,1.09046005
BSU25450,prmA,1.196886216
BSU25460,dnaJ,0.810560649
BSU25470,dnaK,0.820294257
BSU25480,grpE,0.61984414
BSU25490,hrcA,0.366949869
BSU25500,hemN,0.895938493
BSU25510,lepA,0.602678974
BSU25520,yqxA,0.96715147
BSU25530,spoIIP,0.030054371
BSU25540,gpr,0.99952577
BSU25550,rpsT,0.688747367
BSU25569,yqzM,0.645850989
BSU25570,comEC,0.610091947
BSU25580,comEB,0.792388403
BSU25590,comEA,0.919356408
BSU25600,comER,1.112760966
BSU25610,yqeM,1.014323441
BSU25630,yqeK,0.151576811
BSU25650,yqeI,0.868300857
BSU25700,yqeF,1.080769308
BSU25710,cwlH,1.213522563
BSU25730,yqeC,1.351650183
BSU25740,yqeB,1.021110823
BSU25760,spoIVCB,0.1195882
BSU25770,spoIVCA,0.080197181
BSU25780,arsC,0.940020375
BSU25790,arsB,1.153807011
BSU25800,yqcK,1.050792225
BSU25820,yqcI,1.118387074
BSU25830,rapE,1.014509606
BSU25840,phrE,0.099016445
BSU25850,yqzI,1.039812794
BSU25860,yqcG,0.861055849
BSU25880,yqxJ,1.133878232
BSU25890,yqxI,1.13103424
BSU25900,cwlA,0.965363741
BSU25910,yqxH,0.366314513
BSU25920,yqxG,0.830377086
BSU25930,yqcE,1.03738766
BSU25940,yqcD,1.138824808
BSU25950,yqcC,1.026812022
BSU25960,yqcB,1.065548846
BSU25970,yqcA,0.994545085
BSU25980,yqbT,1.008670738
BSU25990,yqbS,1.020183534
BSU26000,yqbR,1.034863535
BSU26010,yqbQ,1.050015007
BSU26020,yqbP,1.137725668
BSU26030,yqbO,1.110427278
BSU26039,yqbN,1.070340106
BSU26040,yqbN,1.183626578
BSU26050,yqdB,0.879027359
BSU26060,yqbM,1.100477851
BSU26075,yqbK,0.913528911
BSU26089,yqzN,0.941722424
BSU26090,yqbJ,1.001954502
BSU26100,yqbI,1.010583532
BSU26110,yqbH,1.237408637
BSU26120,yqbG,1.075104853
BSU26130,yqbF,1.163255622
BSU26140,yqbE,0.825753877
BSU26150,yqbD,1.025133657
BSU26160,yqbC,1.074475447
BSU26170,yqbB,1.170265464
BSU26180,yqbA,1.121152173
BSU26190,yqaT,0.799147021
BSU26200,yqaS,1.140665534
BSU26210,yqaR,0.965450107
BSU26220,yqaQ,1.167156476
BSU26230,yqaP,1.074675753
BSU26240,yqaO,1.033650942
BSU26250,yqaN,0.935162995
BSU26259,yqzO,0.85706454
BSU26370,yqaC,1.139298997
BSU26380,yqaB,1.12264041
BSU26390,spoIIIC,0.113379713
BSU26400,yrkS,1.136934299
BSU26410,psiE,1.159373703
BSU26420,yrkQ,1.042284886
BSU26430,yrkP,0.974893587
BSU26440,yrkO,1.045336468
BSU26450,yrkN,0.976857317
BSU26470,yrkL,1.001791815
BSU26480,yrkK,1.059410748
BSU26490,yrkJ,1.02284289
BSU26500,yrkI,1.276767001
BSU26510,yrkH,0.864521031
BSU26530,yrkF,0.954050671
BSU26540,yrkE,1.01692671
BSU26550,yrkD,0.568453851
BSU26558,yrzM,1.075555158
BSU26559,yrzN,1.111433263
BSU26560,yrkC,1.075092771
BSU26570,yrkB,1.126634454
BSU26580,bltR,0.93802524
BSU26590,blt,1.092635292
BSU26600,bltD,1.044893515
BSU26610,yrkA,0.917731564
BSU26619,yrzO,0.977715151
BSU26620,yrdR,0.950316314
BSU26630,yrdQ,0.958032226
BSU26640,yrdP,1.027320971
BSU26660,yrdN,1.114929416
BSU26670,gltR,1.044179548
BSU26680,yrdK,1.041150646
BSU26690,brnQ,0.933957255
BSU26700,azlD,1.310166763
BSU26720,azlB,1.465066447
BSU26730,yrdF,1.394705157
BSU26740,cypA,1.086182821
BSU26748,yrdD,1.205509902
BSU26749,yrdD,1.164273742
BSU26750,yrdD,1.071128154
BSU26760,yrdC,1.084950091
BSU26770,yrdB,1.046054386
BSU26780,yrdA,1.295466499
BSU26790,aadK,1.051738889
BSU26800,yrpB,0.92861767
BSU26810,yrpC,0.9360206
BSU26830,yrpE,1.152988363
BSU26840,sigZ,1.086852908
BSU26850,yrpG,1.085176453
BSU26860,yraO,1.064257817
BSU26870,yraN,1.04393908
BSU26880,yraM,1.1323299
BSU26900,yraL,1.027135736
BSU26910,yraK,1.044862544
BSU26920,yraJ,0.948392285
BSU26930,yraI,0.923922076
BSU26940,yraH,1.025575381
BSU26950,yraG,0.952582227
BSU26960,yraF,1.11139804
BSU26970,adhB,0.940971909
BSU26980,yraE,1.137801758
BSU26990,yraD,1.114335533
BSU27000,yraB,1.086971419
BSU27009,yrzP,1.294222179
BSU27010,adhA,1.003962291
BSU27020,yraA,1.058333324
BSU27030,sacC,1.071911723
BSU27040,levG,1.024828333
BSU27050,levF,0.941464024
BSU27060,levE,0.559499037
BSU27070,levD,0.72411153
BSU27080,levR,1.000180383
BSU27090,aapA,0.952582476
BSU27100,yrhP,1.0598087
BSU27110,yrhO,0.971005082
BSU27120,sigV,1.022606674
BSU27130,rsiV,0.607224113
BSU27140,oatA,0.910767399
BSU27150,yrhK,1.066316549
BSU27160,cypB,0.70010092
BSU27170,bscR,0.909829831
BSU27180,yrhH,1.225693392
BSU27190,yrzI,0.982193905
BSU27200,yrhG,1.109074025
BSU27210,yrhF,1.040958507
BSU27220,yrhE,1.170463466
BSU27240,yrhC,1.010734971
BSU27250,mccB,0.93969555
BSU27260,mccA,0.921477111
BSU27270,mtnN,0.45974262
BSU27280,yrrT,1.023316203
BSU27290,yrzA,1.115559683
BSU27300,yrrS,0.948777934
BSU27310,pbpI,0.872212675
BSU27320,greA,0.717230844
BSU27330,udk,1.060207319
BSU27340,yrrO,0.899375616
BSU27350,yrrN,0.826666227
BSU27360,yrrM,1.054533877
BSU27370,yrrL,0.903457698
BSU27380,yrzB,1.092698749
BSU27390,yrrK,0.175012157
BSU27400,yrzL,0.184219177
BSU27420,yrrI,0.75815115
BSU27430,glnQ,0.793893934
BSU27440,glnH,0.945538848
BSU27450,glnM,0.870999872
BSU27460,glnP,0.944130659
BSU27469,yrzR,0.91031298
BSU27470,yrrD,1.08785457
BSU27480,yrrC,0.656515196
BSU27490,yrrB,0.810858195
BSU27520,cymR,1.33856008
BSU27530,yrvN,0.969695211
BSU27540,yrvM,1.310673974
BSU27570,yrzK,0.910672329
BSU27580,yrvJ,0.761163868
BSU27590,dtd,1.081597965
BSU27600,relA,0.373277023
BSU27610,apt,1.176593945
BSU27620,recJ,1.013680096
BSU27630,yrvD,0.940822242
BSU27640,yrvC,1.0779513
BSU27650,secDF,0.719695834
BSU27660,comN,0.864306892
BSU27670,spoVB,0.295263617
BSU27680,yrbG,0.915503718
BSU27690,yrzE,0.924292445
BSU27700,yrbF,1.002646876
BSU27710,tgt,0.796612571
BSU27720,queA,0.712564177
BSU27729,yrzS,0.929457625
BSU27750,bofC,1.110185269
BSU27760,csbX,1.033506733
BSU27770,yrbE,1.045560599
BSU27785,yrzF,0.973858612
BSU27800,yrzH,1.045667409
BSU27809,yrzT,0.927635435
BSU27810,yrbD,0.946884747
BSU27820,yrbC,1.169789946
BSU27830,coxA,0.9496796
BSU27840,safA,0.229703718
BSU27850,nadA,1.174436322
BSU27860,nadC,1.295686532
BSU27870,nadB,1.110438672
BSU27880,nifS,1.242169663
BSU27890,nadR,0.825645347
BSU27900,pheA,0.211172782
BSU27910,yszB,0.985844571
BSU27930,spo0B,0.00606442
BSU27970,spoIVFB,0.065735387
BSU27980,spoIVFA,0.093253735
BSU27990,minD,0.309310037
BSU28000,minC,0.901736678
BSU28040,radC,0.712048785
BSU28050,maf,0.894757795
BSU28060,spoIIB,0.14233171
BSU28070,comC,1.171731318
BSU28099,yszA,0.962678607
BSU28100,ysxE,0.476764562
BSU28110,spoVID,0.387382356
BSU28160,hemX,0.646505055
BSU28180,ysxD,0.973596465
BSU28200,lonA,1.190703821
BSU28210,lonB,0.743004764
BSU28230,tig,0.949721103
BSU28240,ysoA,1.023502553
BSU28290,ilvC,0.14625267
BSU28300,ilvH,0.845575643
BSU28320,ysnD,1.093106611
BSU28330,ysnE,1.082319617
BSU28340,ysnF,1.158091465
BSU28350,ysnB,1.067077812
BSU28360,ysnA,0.895014034
BSU28370,rph,0.866466639
BSU28380,gerM,0.452837668
BSU28400,ysmB,1.196334153
BSU28410,gerE,0.203489235
BSU28420,ysmA,0.504727181
BSU28460,yslB,0.796138974
BSU28470,lysC,0.517417275
BSU28490,uvrC,1.02119721
BSU28510,xsa,1.200873925
BSU28520,etfA,0.826240503
BSU28530,etfB,0.885156767
BSU28540,fadB,1.096801596
BSU28550,fadR,0.861657216
BSU28560,lcfA,0.768834915
BSU28570,yshE,0.377538401
BSU28580,mutSB,0.869565138
BSU28590,polX,0.75838607
BSU28600,yshB,1.068313547
BSU28610,yshA,1.148021897
BSU28620,rnhC,0.553053779
BSU28650,ysgA,0.96063778
BSU28660,sspI,1.125171923
BSU28670,ysfB,1.096608349
BSU28680,glcD,0.974078931
BSU28690,glcF,1.019496339
BSU28700,ysfE,1.0177617
BSU28710,cstA,1.016741907
BSU28720,abfA,1.086376292
BSU28730,araQ,1.106907265
BSU28740,araP,1.039939146
BSU28750,araN,1.009700719
BSU28760,araM,0.875817129
BSU28770,araL,1.159535421
BSU28780,araD,1.18006324
BSU28790,araB,0.987087173
BSU28800,araA,1.030059621
BSU28810,abnA,0.967216597
BSU28820,ysdC,1.163188576
BSU28830,ysdB,0.493907989
BSU28840,ysdA,1.108384489
BSU28860,rpmI,0.213204017
BSU28890,yscB,0.905832852
BSU28900,lrgB,1.250627185
BSU28910,lrgA,1.03050619
BSU28920,lytT,0.830516182
BSU28930,lytS,1.03053592
BSU28950,thrS,0.89288687
BSU28960,ytxC,0.952015411
BSU28970,ytxB,1.036769018
BSU29000,nrdR,0.774197692
BSU29030,ytcD,0.989152864
BSU29040,ytbD,0.854530618
BSU29050,ytbE,0.977498532
BSU29070,ytaF,0.322907539
BSU29080,mutM,1.187272808
BSU29090,polA,0.880819634
BSU29100,phoR,0.877487462
BSU29110,phoP,0.852793417
BSU29140,citZ,0.937488376
BSU29150,ytwI,1.068837599
BSU29160,ytvI,0.352019143
BSU29170,ytzA,1.273471924
BSU29180,pyk,0.743287843
BSU29190,pfkA,0.151263962
BSU29220,ytsJ,0.456469227
BSU29239,ytrH,0.105736158
BSU29240,ytrI,0.099735655
BSU29249,ytzJ,0.725486849
BSU29250,nrnA,0.392224843
BSU29260,ytpI,0.828008204
BSU29270,ytoI,1.043286295
BSU29280,ytnM,0.958066878
BSU29290,ytnL,1.050139311
BSU29300,rbfK,1.017904788
BSU29310,ytnJ,1.060668656
BSU29320,ytnI,0.932968244
BSU29330,ytmO,1.089321655
BSU29340,tcyN,1.127248266
BSU29350,tcyM,1.046741615
BSU29370,tcyK,0.956519686
BSU29380,tcyJ,0.765728416
BSU29390,ytmI,1.223731697
BSU29400,ytlI,0.93121677
BSU29410,ytkL,1.014896859
BSU29420,ytkK,0.930149361
BSU29430,ytzD,0.988723712
BSU29460,moaB,1.003331597
BSU29480,ytxK,1.263020394
BSU29490,tpx,0.999738289
BSU29500,ytfJ,1.153438514
BSU29520,yteJ,1.143738327
BSU29530,sppA,1.039159165
BSU29540,ppnKB,0.968964704
BSU29550,ytcJ,0.877213665
BSU29560,ytcI,1.019788736
BSU29570,sspA,0.631285856
BSU29580,thiI,1.07254084
BSU29590,iscS,1.05538568
BSU29630,yttP,0.95825739
BSU29640,ytsP,0.998485593
BSU29650,ytrP,1.153044025
BSU29679,ytzK,0.7700443
BSU29680,acsA,1.166998249
BSU29690,acuA,0.913528392
BSU29700,acuB,0.857356461
BSU29710,acuC,0.912528749
BSU29720,ytxE,0.92514788
BSU29730,ytxD,0.904050467
BSU29740,ccpA,0.824309961
BSU29760,ytxJ,0.797388975
BSU29780,ytxG,0.289860496
BSU29805,ytpS,0.571610044
BSU29820,ytpR,0.91872742
BSU29830,ytpQ,0.718142409
BSU29840,ytpP,0.903635849
BSU29850,ytoQ,1.137227332
BSU29860,ytoP,0.78047295
BSU29870,ytzB,1.17737817
BSU29880,malS,0.877856779
BSU29890,ytnP,0.802991885
BSU29900,trmB,1.012403541
BSU29910,ytzH,0.996589326
BSU29920,ytmP,0.880120217
BSU29930,amyX,1.088616533
BSU29940,ytlR,0.916390229
BSU29950,ytlQ,0.769991634
BSU29960,ytlP,0.778666025
BSU29970,ytkP,1.204268555
BSU29980,ytjP,0.954695362
BSU29990,pbuO,1.042565768
BSU30000,ythQ,0.845772069
BSU30010,ythP,0.949053588
BSU30020,ytzE,1.217375066
BSU30035,ytzG,1.09094666
BSU30050,ytgP,0.743789858
BSU30070,opuD,0.963716246
BSU30080,yteV,1.021403693
BSU30090,yteU,0.980172273
BSU30100,yteT,0.997522475
BSU30110,yteS,0.791217519
BSU30135,yteP,0.92185535
BSU30150,ytdP,1.140407273
BSU30160,ytcQ,0.868785921
BSU30170,ytcP,0.912358026
BSU30180,ytbQ,1.07574403
BSU30190,bioI,0.894025227
BSU30200,bioB,0.891196152
BSU30210,bioD,0.943842358
BSU30220,bioF,0.874174413
BSU30230,bioK,1.096216776
BSU30240,bioW,0.963487795
BSU30250,ytaP,0.991381434
BSU30260,msmR,1.13406286
BSU30270,msmE,1.046307951
BSU30280,amyD,0.937215357
BSU30290,amyC,0.905287029
BSU30300,melA,1.000792551
BSU30330,ytvB,0.834414688
BSU30340,ytvA,1.057748807
BSU30350,yttB,0.840019863
BSU30360,yttA,0.854262653
BSU30370,bceB,1.029493632
BSU30380,bceA,0.987787179
BSU30390,bceS,0.743661612
BSU30400,bceR,0.942348772
BSU30410,ytrF,0.970032259
BSU30420,ytrE,1.039039699
BSU30430,ytrD,0.907077555
BSU30440,ytrC,0.916562016
BSU30450,ytrB,0.776592368
BSU30460,ytrA,0.192874037
BSU30470,ytzC,0.997914243
BSU30480,ytqA,1.043086848
BSU30490,ytqB,1.139423067
BSU30500,ytpB,0.88191542
BSU30510,ytpA,1.034458943
BSU30520,ytoA,1.010774281
BSU30530,ytnA,1.21712141
BSU30570,ytmB,0.972754858
BSU30580,ytmA,1.035276558
BSU30595,ytlA,0.80079928
BSU30610,ytlC,0.945314109
BSU30620,ytlD,0.846374796
BSU30630,ytkD,0.906421616
BSU30640,ytkC,0.529332906
BSU30650,dps,0.90618661
BSU30659,ytzI,1.088184732
BSU30660,ytkA,1.292231344
BSU30670,luxS,0.923499758
BSU30680,ytjA,0.990124746
BSU30690,ytiB,0.993968602
BSU30700,rpmEB,1.002534521
BSU30710,ythA,1.32011829
BSU30720,ythB,1.011059098
BSU30739,ytzL,0.955542403
BSU30740,mntD,0.95395778
BSU30750,mntC,0.827044745
BSU30760,mntB,0.94682147
BSU30770,mntA,0.866715606
BSU30810,ytxM,0.967352889
BSU30830,menF,1.184896365
BSU30840,yteA,1.228227267
BSU30860,ytcA,0.985443953
BSU30870,ytcB,0.811023127
BSU30880,ytcC,1.109151059
BSU30890,ytxO,1.059340389
BSU30900,cotS,0.93945982
BSU30910,cotSA,0.841301801
BSU30920,cotI,0.966417772
BSU30930,ytaB,1.143914748
BSU30940,glgP,1.077049253
BSU30950,glgA,0.983741766
BSU30960,glgD,1.125762561
BSU30970,glgC,1.117543176
BSU30980,glgB,1.042059176
BSU30990,thiT,0.958179987
BSU31000,yuaI,0.888071346
BSU31010,yuaG,1.091531694
BSU31020,yuaF,1.000629521
BSU31030,yuaE,0.892913675
BSU31040,yuaD,1.108630363
BSU31050,gbsB,1.057754788
BSU31060,gbsA,1.034065073
BSU31070,yuaC,0.849169522
BSU31080,yuaB,1.016805018
BSU31090,ktrA,1.091379023
BSU31100,ktrB,1.051552024
BSU31110,yubF,1.207281967
BSU31120,lytG,0.841241547
BSU31130,yubD,0.806258438
BSU31140,cdoA,1.150312286
BSU31150,uppP,0.097820408
BSU31160,yubA,1.137336064
BSU31170,yulF,1.107667228
BSU31180,yulE,1.100855099
BSU31190,yulD,0.966713419
BSU31200,yulC,0.982427494
BSU31210,yulB,1.055537147
BSU31220,yuxG,0.914076043
BSU31230,tlpB,1.091007925
BSU31240,mcpA,0.961042409
BSU31250,tlpA,0.98610861
BSU31260,mcpB,1.041132239
BSU31270,tgl,0.982968096
BSU31279,yuzH,1.046950949
BSU31280,yugU,1.118069553
BSU31290,yugT,1.036453053
BSU31300,yugS,1.025227955
BSU31310,yugP,1.040624452
BSU31319,yuzI,0.83435624
BSU31321,mstX,0.892162031
BSU31322,yugO,0.890193776
BSU31330,yugN,1.064448885
BSU31340,yugM,0.983487615
BSU31350,pgi,0.574157487
BSU31360,yugK,0.9950876
BSU31370,yugJ,0.959266093
BSU31380,yuzA,1.200846165
BSU31390,yugI,0.922316531
BSU31410,yugG,0.676169881
BSU31430,yugE,0.923233289
BSU31450,kinB,0.211528091
BSU31460,kapB,1.017672452
BSU31470,kapD,0.323889528
BSU31480,yuxJ,1.060943165
BSU31490,pbpD,0.511893664
BSU31510,yufK,0.747230545
BSU31520,yufL,0.932992858
BSU31530,yufM,1.050995439
BSU31540,yufN,0.787915501
BSU31550,yufO,0.97652539
BSU31560,yufP,1.100636558
BSU31570,yufQ,0.894076418
BSU31580,maeN,1.075434925
BSU31590,yufS,0.9726674
BSU31670,yuxO,1.005793903
BSU31680,comA,1.05647102
BSU31690,comP,0.481922013
BSU31700,comX,0.25747377
BSU31710,comQ,0.742208841
BSU31720,degQ,0.500640115
BSU31730,yuzC,0.661202629
BSU31740,yuxH,0.81729301
BSU31760,pncA,1.048538098
BSU31770,yueI,1.043978745
BSU31780,yueH,0.929716198
BSU31790,yueG,0.835149581
BSU31800,yueF,1.050380736
BSU31810,yuzE,0.816607901
BSU31820,yuzF,0.929844427
BSU31830,yueE,0.986922372
BSU31840,yueD,1.13387391
BSU31850,yueC,1.197496138
BSU31860,yueB,1.088914605
BSU31875,yukB,0.817413061
BSU31890,yukC,1.043117976
BSU31900,yukD,0.953403152
BSU31910,yukE,0.8256865
BSU31920,yukF,1.016725377
BSU31930,ald,0.802306479
BSU31945,yukJ,1.059114827
BSU31959,ybdZ,1.070796892
BSU31960,dhbF,0.828610926
BSU31970,dhbB,0.983444783
BSU31980,dhbE,0.889206622
BSU31990,dhbC,0.870274934
BSU32000,dhbA,0.908986251
BSU32010,besA,0.728900194
BSU32020,yuiH,0.98446395
BSU32030,bioYB,1.016669095
BSU32040,yuiF,0.928075491
BSU32050,pepA,0.938906444
BSU32060,yuiD,0.842858876
BSU32070,yuiC,0.807623684
BSU32080,yuiB,0.651759082
BSU32090,yuiA,0.941782909
BSU32100,yumB,0.875922936
BSU32120,yuzG,0.983460731
BSU32130,guaC,1.203193614
BSU32140,paiB,1.023354541
BSU32150,paiA,1.044196719
BSU32160,yutM,0.970156087
BSU32180,yutK,0.815693797
BSU32190,yuzB,1.20805315
BSU32200,yutJ,1.035796552
BSU32210,yuzD,1.012527684
BSU32220,yutI,1.150828665
BSU32230,yuxL,1.096423128
BSU32270,yutH,0.742225273
BSU32280,yutG,0.745858351
BSU32310,yutD,0.58959391
BSU32320,yutC,0.819472251
BSU32340,lytH,0.955194257
BSU32350,yunB,0.744283105
BSU32360,yunC,0.907982455
BSU32370,yunD,0.853256194
BSU32380,yunE,0.879426479
BSU32390,yunF,0.901892188
BSU32400,yunG,0.229849004
BSU32410,pucH,1.058873436
BSU32420,pucR,1.058063412
BSU32430,pucJ,0.988426444
BSU32440,pucK,0.921257959
BSU32450,pucL,1.024528306
BSU32460,pucM,1.025989928
BSU32469,yuzJ,0.994928112
BSU32470,pucE,1.12447249
BSU32480,pucD,1.062777288
BSU32490,pucC,1.059417238
BSU32500,pucB,0.972112347
BSU32510,pucA,1.033519086
BSU32520,pucG,0.932418719
BSU32530,pucF,0.977611645
BSU32540,bsn,1.054456411
BSU32550,yurJ,1.032634928
BSU32560,frlR,1.018917754
BSU32570,frlD,1.080836839
BSU32580,frlM,0.959699936
BSU32590,frlN,1.0426484
BSU32600,frlO,0.896023231
BSU32610,frlB,0.95782151
BSU32620,yurQ,0.989338257
BSU32630,yurR,1.00065496
BSU32640,sspG,0.972194329
BSU32650,yurS,0.978579477
BSU32660,yurT,1.161546231
BSU32669,yuzN,0.696761363
BSU32719,yuzK,1.087475353
BSU32720,yurZ,1.067790412
BSU32730,metN,0.783088415
BSU32740,metP,0.762906064
BSU32750,metQ,0.954579769
BSU32760,yusD,0.601791399
BSU32770,yusE,0.772596213
BSU32780,yusF,1.040299376
BSU32790,yusG,0.989172074
BSU32800,yusH,0.420032194
BSU32810,yusI,1.038547808
BSU32820,fadE,0.770911713
BSU32830,fadA,1.035963453
BSU32840,fadN,0.921943435
BSU32849,yuzL,0.889182481
BSU32850,fadM,0.981965383
BSU32859,yuzM,1.005735888
BSU32860,yusN,1.033828186
BSU32870,yusO,0.846365614
BSU32880,yusP,1.134446356
BSU32890,yusQ,1.148015827
BSU32900,yusR,1.011681818
BSU32920,yusT,0.878916106
BSU32930,yusU,0.92633718
BSU32940,yusV,0.820625636
BSU32950,yusW,0.99443746
BSU32960,yusY,0.98686525
BSU32970,yusY,1.11946956
BSU32980,yusZ,1.01826718
BSU32990,mrgA,1.006624653
BSU33000,htrB,0.970508556
BSU33010,cssR,1.223979189
BSU33020,cssS,1.069093954
BSU33029,yuzO,1.315707825
BSU33030,yuxN,0.988554561
BSU33050,gerAA,1.168467632
BSU33060,gerAB,1.100320789
BSU33080,liaR,1.258628485
BSU33090,liaS,0.404982179
BSU33100,liaF,0.410244622
BSU33110,liaG,1.15946299
BSU33120,liaH,1.026593158
BSU33130,liaI,0.896970175
BSU33140,yvqJ,1.399878114
BSU33150,yvqK,0.829592781
BSU33160,yvrA,0.924185957
BSU33170,yvrB,1.027192941
BSU33180,yvrC,0.894244963
BSU33200,yvrE,1.153192416
BSU33210,yvrG,0.920285855
BSU33222,rsoA,1.07064278
BSU33230,sigO,1.019998736
BSU33239,yvrJ,0.89957877
BSU33240,oxdC,0.962738189
BSU33250,yvrL,0.90716596
BSU33260,yvrN,1.069101387
BSU33270,yvrO,0.814495516
BSU33280,yvrP,0.849407149
BSU33290,fhuC,1.098475781
BSU33300,fhuG,1.055506599
BSU33310,fhuB,1.191950995
BSU33320,fhuD,0.922437902
BSU33340,sspJ,1.007717649
BSU33350,yvsG,0.920098674
BSU33360,yvgJ,1.111404158
BSU33370,yvgK,1.233530582
BSU33380,yvgL,0.793983016
BSU33390,yvgM,0.933815467
BSU33400,yvgN,1.130537456
BSU33410,yvgO,1.06540493
BSU33420,nhaK,0.920268303
BSU33450,helD,0.960312833
BSU33470,bdbC,1.105536543
BSU33480,bdbD,1.051607041
BSU33490,copB,0.992570702
BSU33500,copA,0.895027307
BSU33510,copZ,0.913872361
BSU33520,csoR,0.854987834
BSU33530,yvaA,0.962630209
BSU33540,yvaB,1.042878119
BSU33550,yvaC,0.875484316
BSU33560,yvaD,0.979045098
BSU33570,yvaE,0.979298392
BSU33580,yvaF,0.914624517
BSU33590,yvaG,0.987952998
BSU33600,smpB,0.182962412
BSU33610,rnr,0.693706274
BSU33620,yvaK,0.943668416
BSU33630,secG,0.152349982
BSU33640,yvaM,1.207204425
BSU33650,yvzC,0.892076713
BSU33660,rghRA,0.221258065
BSU33670,rghRB,1.101613434
BSU33680,yvaP,0.739386318
BSU33690,yvaQ,1.036162228
BSU33700,opuBD,1.014514523
BSU33710,opuBC,0.963549648
BSU33720,opuBB,1.181153887
BSU33730,opuBA,0.89214162
BSU33740,yvaV,0.82122308
BSU33750,sdpA,1.179186935
BSU33760,sdpB,0.940733488
BSU33770,spbC,0.879424151
BSU33800,opuCD,0.964416258
BSU33810,opuCC,0.955536169
BSU33820,opuCB,0.97848228
BSU33830,opuCA,0.70661007
BSU33840,yvbF,1.035652311
BSU33850,yvbG,0.792690589
BSU33860,yvbH,0.897308222
BSU33870,yvbI,0.862177058
BSU33880,yvbJ,1.066508809
BSU33890,yvbK,0.994635057
BSU33950,cggR,0.770030182
BSU33960,araE,0.856697729
BSU33970,araR,0.555871509
BSU33980,yvbT,0.891882223
BSU33990,yvbU,0.91084202
BSU34000,cyeB,0.968531496
BSU34010,yvbW,0.939472128
BSU34020,yvbX,0.946354532
BSU34030,yvbY,1.013517239
BSU34040,yvfW,1.011503542
BSU34050,yvfV,1.053581468
BSU34060,yvfU,1.127393949
BSU34070,yvfT,0.90278249
BSU34080,yvfS,0.944528619
BSU34090,yvfR,1.059707847
BSU34100,rsbQ,1.238596753
BSU34110,rsbP,0.909773123
BSU34120,ganB,1.008497456
BSU34130,ganA,0.901890957
BSU34140,ganQ,0.973242882
BSU34150,ganP,1.128838876
BSU34160,cycB,1.068590897
BSU34170,ganR,1.079517968
BSU34180,yvfI,0.569116898
BSU34190,yvfH,1.023722372
BSU34200,sigL,1.005005063
BSU34210,yvfG,1.10343956
BSU34220,epsO,1.118247803
BSU34230,epsN,1.002777437
BSU34240,epsM,1.138564331
BSU34250,epsL,1.085850175
BSU34265,epsK,1.106002472
BSU34280,epsJ,1.113243724
BSU34290,epsI,0.933526381
BSU34300,epsH,1.072389048
BSU34310,epsG,1.069728645
BSU34320,epsF,1.009260605
BSU34330,epsE,1.135409472
BSU34340,epsD,1.00754004
BSU34350,epsC,0.704473461
BSU34360,epsB,0.946821321
BSU34370,epsA,0.623143347
BSU34380,slrR,0.814841881
BSU34390,pnbA,0.933419747
BSU34400,padC,1.079480223
BSU34410,yveG,1.06968878
BSU34420,yveF,1.034701727
BSU34430,racX,1.051088657
BSU34440,pbpE,1.102724392
BSU34450,sacB,0.696226215
BSU34460,levB,1.051402106
BSU34470,yveA,0.95365009
BSU34480,yvdT,0.785604652
BSU34490,yvdS,1.063745459
BSU34500,yvdR,1.131447531
BSU34510,yvdQ,0.930424207
BSU34520,yvdP,1.084478904
BSU34530,cotR,1.277192636
BSU34550,pgcM,0.997285253
BSU34560,malL,0.944219441
BSU34570,malK,0.921145265
BSU34580,yvdJ,1.144152228
BSU34590,mdxG,1.104559923
BSU34600,mdxF,0.957777464
BSU34610,mdxE,1.01852795
BSU34620,mdxD,0.916260357
BSU34630,mdxR,0.985792836
BSU34640,yvdD,1.056791886
BSU34650,yvdC,0.942173333
BSU34660,yvdB,1.149469308
BSU34670,yvdA,1.10115342
BSU34680,yvcT,1.073380006
BSU34690,yvcS,1.068571849
BSU34700,yvcR,1.092028967
BSU34710,yvcQ,1.169875718
BSU34720,yvcP,1.152222487
BSU34729,yvzJ,0.936180794
BSU34730,yvcN,0.896151129
BSU34740,crh,1.065875784
BSU34750,whiA,1.110306653
BSU34770,yvcJ,0.659256992
BSU34780,yvcI,0.893929333
BSU34800,cwlO,0.455693229
BSU34810,yvcD,0.796552212
BSU34820,bmrA,1.234304148
BSU34830,yvzA,1.438879003
BSU34840,yvcB,1.137191851
BSU34850,yvcA,0.666924232
BSU34860,hisI,0.190297045
BSU34950,pelC,1.116344191
BSU34960,yvoF,1.041202909
BSU34970,ppaX,1.047525269
BSU34980,yvoD,0.906333918
BSU35010,nagA,1.074710861
BSU35020,nagBA,0.97439917
BSU35030,yvoA,1.020033731
BSU35040,yvnB,0.918935591
BSU35050,yvnA,0.980611227
BSU35060,cypX,0.998156142
BSU35070,yvmC,0.857312943
BSU35080,yvmB,0.624886863
BSU35090,yvmA,1.049163052
BSU35100,yvlD,0.966694916
BSU35110,yvlC,0.951130296
BSU35120,yvlB,0.910562284
BSU35130,yvlA,0.619635971
BSU35140,yvkN,0.980352777
BSU35150,yvzB,0.850010004
BSU35160,uvrA,0.925291219
BSU35170,uvrB,0.906868021
BSU35180,csbA,1.079562748
BSU35190,yvkC,0.923711924
BSU35200,yvkB,0.865582641
BSU35210,yvkA,0.90768673
BSU35220,minJ,0.333101246
BSU35230,swrAA,0.552962962
BSU35239,swrAA,0.724878496
BSU35240,ctpB,0.716618368
BSU35260,ftsE,0.394193254
BSU35270,cccB,0.95436191
BSU35280,yvjA,0.979408134
BSU35310,yvyD,0.848236727
BSU35319,yvzG,0.970801419
BSU35320,fliT,0.824874888
BSU35330,fliS,0.653092624
BSU35340,fliD,0.731060489
BSU35350,yvyC,0.988264252
BSU35360,hag,0.640348699
BSU35370,csrA,1.06757311
BSU35380,fliW,0.843992951
BSU35390,yviE,0.823882158
BSU35400,flgL,0.8268062
BSU35410,flgK,0.80119676
BSU35420,yvyG,0.7010681
BSU35440,yvyF,0.918594236
BSU35450,comFC,1.06420505
BSU35460,comFB,1.071702318
BSU35470,comFA,0.906607057
BSU35480,yviA,0.938324972
BSU35490,degU,0.19555196
BSU35500,degS,0.743576713
BSU35510,yvyE,1.046048924
BSU35520,yvhJ,0.826907633
BSU35540,tuaH,0.839909934
BSU35550,tuaG,1.059812914
BSU35560,tuaF,1.018722366
BSU35570,tuaE,0.871056417
BSU35580,tuaD,0.849955278
BSU35590,tuaC,0.74944519
BSU35609,tuaA,0.752865474
BSU35610,tuaA,0.831129646
BSU35620,lytC,1.342336725
BSU35630,lytB,0.378760166
BSU35650,lytR,0.66596904
BSU35670,gtaB,0.589928075
BSU35679,yvzH,1.007267112
BSU35680,ggaB,0.506634687
BSU35690,ggaA,0.853311619
BSU35698,yvzI,0.535892423
BSU35699,yvzE,1.115188316
BSU35730,tagE,0.642347299
BSU35770,tagC,1.200775671
BSU35780,lytD,0.960921086
BSU35790,yvyI,1.07055503
BSU35800,gerBA,1.106983759
BSU35810,gerBB,1.046065221
BSU35820,gerBC,0.993669619
BSU35830,ywtG,0.922411846
BSU35840,ywtF,1.004664144
BSU35850,ywtE,1.029486415
BSU35860,pgdS,0.949511467
BSU35870,pgsE,1.059351838
BSU35880,pgsA,0.946886579
BSU35890,pgsC,0.906783576
BSU35900,pgsB,0.951376983
BSU35910,rbsR,1.042544628
BSU35920,rbsK,0.957717893
BSU35930,rbsD,1.100771877
BSU35940,rbsA,0.945328461
BSU35950,rbsC,1.08107333
BSU35960,rbsB,1.063757717
BSU35970,ywsB,1.253280754
BSU35980,ywsA,1.192703322
BSU35990,ywrO,1.065508666
BSU36000,alsD,1.094771309
BSU36010,alsS,1.115654443
BSU36020,alsR,0.874551033
BSU36030,ywrK,0.991888961
BSU36040,ywrJ,0.864045442
BSU36050,cotB,0.731401456
BSU36060,cotH,0.154447296
BSU36070,cotG,0.252142562
BSU36080,ywrF,0.958140675
BSU36090,ywrE,1.016628834
BSU36100,ywrD,0.950592146
BSU36110,ywrC,1.003955695
BSU36120,ywrB,1.129408152
BSU36130,ywrA,1.142053107
BSU36140,ywqO,1.144462048
BSU36150,ywqN,1.056394187
BSU36160,ywqM,1.06866009
BSU36170,ywqL,1.032524103
BSU36190,ywqJ,0.87809127
BSU36200,ywqI,0.930875662
BSU36210,ywqH,0.971114746
BSU36220,ywqG,0.965187728
BSU36240,ywqE,1.011978535
BSU36250,ptkA,1.057371792
BSU36260,ywqC,0.98371122
BSU36270,ywqB,0.654270574
BSU36280,ywqA,0.714448929
BSU36290,ywpJ,0.901442749
BSU36300,glcR,0.804257225
BSU36310,ssbB,0.917896293
BSU36320,ywpG,1.22034076
BSU36330,ywpF,0.960029182
BSU36340,ywpE,0.91765635
BSU36360,mscL,1.204533369
BSU36380,rapD,0.986634553
BSU36390,flhP,0.897360589
BSU36400,flhO,1.037904483
BSU36420,spoIIID,0.006340076
BSU36430,usd,0.010928738
BSU36440,ywoH,1.009754
BSU36450,ywoG,1.054401916
BSU36460,ywoF,1.059082277
BSU36470,pucI,0.991491371
BSU36490,ywoC,0.961919702
BSU36500,ywoB,1.139003413
BSU36510,amtB,1.096420029
BSU36520,glnK,1.049867442
BSU36530,bcrC,1.00487201
BSU36540,ywnJ,1.082067554
BSU36550,spoIIQ,0.011310421
BSU36560,ywnH,0.971671093
BSU36570,ywnG,1.191243145
BSU36580,ywnF,1.084979414
BSU36590,clsA,1.170295749
BSU36600,mta,1.054634018
BSU36610,ywnC,1.049862383
BSU36620,ywnB,0.970422999
BSU36630,ywnA,0.34011874
BSU36640,ureC,0.943168979
BSU36650,ureB,1.065598741
BSU36660,ureA,1.055903088
BSU36668,ywzE,1.086571005
BSU36669,ywzF,1.038658342
BSU36670,csbD,1.150264199
BSU36680,ywmF,1.062134872
BSU36690,rapB,0.924720207
BSU36700,moaA,0.752513112
BSU36710,fdhD,1.040927248
BSU36720,ywmE,1.046597111
BSU36730,ywmD,1.186748837
BSU36740,ywmC,1.018915254
BSU36750,spoIID,0.012472782
BSU36770,ywmB,0.049845677
BSU36780,ywzB,0.864855231
BSU36880,atpI,0.913278177
BSU36890,upp,0.843371855
BSU36910,ywlG,1.064020437
BSU36930,ywlE,0.908728334
BSU36940,ywlD,0.983850015
BSU36960,ywlB,0.625077605
BSU36970,spoIIR,0.001366631
BSU36980,ywlA,1.016041
BSU36990,ywkF,1.290819608
BSU37000,prmC,0.798511632
BSU37020,ywkD,1.015272913
BSU37030,racA,0.930525649
BSU37040,ywkB,1.027376875
BSU37050,maeA,0.811234506
BSU37060,tdk,1.006327764
BSU37070,rpmEA,0.58631901
BSU37080,rho,0.928205359
BSU37090,ywjI,0.394877394
BSU37100,murAB,0.315588955
BSU37110,ywjH,0.152479209
BSU37130,spo0F,0.040737317
BSU37140,ywjG,1.013192954
BSU37160,rpoE,0.182004073
BSU37170,acdA,1.123331696
BSU37180,fadF,0.886658889
BSU37190,clsB,1.001089257
BSU37200,ywjD,1.058194602
BSU37210,ywjC,1.096898553
BSU37220,ywjB,0.902307564
BSU37230,ywjA,1.042016584
BSU37240,ywiE,1.00162022
BSU37250,narI,1.076345137
BSU37260,narJ,1.062926232
BSU37270,narH,1.15170138
BSU37280,narG,1.096833908
BSU37290,arfM,0.954332099
BSU37300,ywiC,0.952033706
BSU37310,fnr,0.918081055
BSU37320,narK,1.15328159
BSU37350,sboA,0.804608844
BSU37360,sboX,0.742601727
BSU37370,albA,0.672878048
BSU37380,albB,0.66983624
BSU37390,albC,0.599848264
BSU37400,albD,0.468201652
BSU37410,albE,0.729802499
BSU37430,albG,1.100592099
BSU37440,ywhL,1.159436547
BSU37450,ywhK,1.089638458
BSU37460,rapF,0.878126661
BSU37470,phrF,0.773455104
BSU37480,ywhH,0.995152386
BSU37490,speB,0.806853839
BSU37500,speE,0.505409968
BSU37510,pbpG,1.079437273
BSU37520,ywhD,0.825974041
BSU37530,ywhC,1.115970124
BSU37540,ywhB,1.217550128
BSU37550,ywhA,1.170561558
BSU37560,thrZ,1.229128763
BSU37570,mmr,1.009699782
BSU37580,ywgB,1.027297211
BSU37590,ywgA,0.307034483
BSU37600,ywfO,0.788616604
BSU37610,ywzC,0.867755723
BSU37620,rsfA,0.164035819
BSU37630,ywfM,0.957952356
BSU37650,cysL,1.097492739
BSU37660,pta,0.817083765
BSU37680,ywfH,0.910136223
BSU37690,bacF,0.799911697
BSU37700,bacE,1.03186866
BSU37710,bacD,1.069548713
BSU37720,bacC,0.941959992
BSU37730,bacB,1.005769073
BSU37740,bacA,0.778153369
BSU37750,ywfA,0.968200844
BSU37770,rocB,1.100417426
BSU37780,rocA,0.889559944
BSU37790,rocG,0.738989849
BSU37800,yweA,0.91216703
BSU37810,spsL,0.8216524
BSU37820,spsK,1.068665844
BSU37830,spsJ,0.893414046
BSU37840,spsI,0.631083053
BSU37850,spsG,0.052810708
BSU37870,spsE,0.583500052
BSU37880,spsD,0.560749565
BSU37890,spsC,0.746173934
BSU37910,spsA,0.331534034
BSU37920,ywdL,1.059052627
BSU37930,ywdK,0.579517117
BSU37940,ywdJ,1.038485124
BSU37950,ywdI,0.964139089
BSU37960,ywdH,0.872037959
BSU37970,ung,0.953834461
BSU37980,ywdF,0.964440895
BSU38000,ywdD,1.067264988
BSU38018,ywzG,0.827783295
BSU38020,pdxK,0.908456525
BSU38030,ywdA,1.079742722
BSU38040,sacA,0.874282582
BSU38050,sacP,0.721262402
BSU38060,ywcJ,1.036194995
BSU38070,sacT,0.983455098
BSU38080,ywcI,1.052829662
BSU38090,vpr,0.991234705
BSU38100,ywcH,1.106058474
BSU38110,nfrA,0.977747035
BSU38130,ywcE,1.110321009
BSU38180,ywzA,0.997486088
BSU38190,galT,1.101074522
BSU38200,galK,1.068160217
BSU38210,ywcD,0.548482182
BSU38220,ywcC,1.600719099
BSU38229,slrA,0.603871209
BSU38230,ywcB,1.193856295
BSU38240,ywcA,0.867220985
BSU38250,ywbO,0.535611853
BSU38260,efeN,1.10763063
BSU38270,efeM,0.979328565
BSU38280,efeU,0.827718284
BSU38290,thiE,0.904533411
BSU38300,thiM,0.986236719
BSU38320,cidA,0.931432567
BSU38330,lrgB,0.916356515
BSU38340,ywbF,0.94359338
BSU38350,ywbE,0.876630061
BSU38360,ywbD,0.901709486
BSU38370,ywbC,0.954641483
BSU38380,ywbB,1.027446187
BSU38390,ywbA,0.97810297
BSU38400,epr,1.034556905
BSU38410,sacX,0.242879909
BSU38430,gspA,0.912739379
BSU38440,ywaF,0.801920054
BSU38450,ywaE,0.818583466
BSU38460,tyrZ,0.959071258
BSU38470,ywaD,0.994849956
BSU38480,ywaC,1.012196071
BSU38499,ywzH,1.062330333
BSU38500,dltA,0.839107225
BSU38510,dltB,0.683968198
BSU38520,dltC,0.814711626
BSU38530,dltD,0.877763083
BSU38540,dltE,0.910746705
BSU38550,ilvK,1.082587244
BSU38560,licH,0.973536879
BSU38570,licA,0.691486197
BSU38580,licC,1.027509933
BSU38590,licB,0.908321127
BSU38600,licR,0.995013298
BSU38610,yxzF,1.186447531
BSU38620,aag,1.12039519
BSU38630,katX,1.082322147
BSU38640,yxlH,0.674357348
BSU38650,yxlG,1.012983643
BSU38660,yxlF,1.039691595
BSU38670,yxlE,0.960695728
BSU38680,yxlD,1.001431298
BSU38700,sigY,0.903070922
BSU38710,yxlA,0.919073819
BSU38720,yxkO,0.984122806
BSU38740,cydC,0.910438524
BSU38750,cydB,0.970446556
BSU38760,cydA,1.010890745
BSU38770,cimH,1.106809538
BSU38780,yxkI,1.052370286
BSU38790,yxzE,1.161360698
BSU38800,yxkH,0.892404787
BSU38810,msmX,0.771436012
BSU38820,yxkF,0.997209687
BSU38830,aldY,1.013919632
BSU38840,yxkD,0.880391075
BSU38850,yxkC,1.053813415
BSU38860,galE,0.558916809
BSU38870,yxkA,0.952780027
BSU38880,yxjO,1.019182501
BSU38890,yxjN,1.016100744
BSU38900,yxjM,0.971858576
BSU38910,yxjL,1.232106612
BSU38920,pepT,1.173651308
BSU38930,yxjJ,1.201713694
BSU38940,yxjI,1.161189965
BSU38950,yxjH,0.902614292
BSU38960,yxjG,1.062324376
BSU38970,yxjF,0.972910122
BSU38980,scoB,0.949068844
BSU38990,scoA,0.913048294
BSU39010,yxjB,0.961466891
BSU39020,yxjA,0.73896076
BSU39029,yxiT,0.980159241
BSU39030,yxiT,1.074298716
BSU39040,yxiS,1.151087236
BSU39050,katE,1.06253745
BSU39060,citH,1.008508762
BSU39070,bglS,0.849120436
BSU39080,licT,0.907728163
BSU39090,yxiP,0.694684205
BSU39100,yxiO,0.882350303
BSU39110,deaD,1.030019234
BSU39120,yxiM,0.974118777
BSU39129,yxzI,1.180765321
BSU39139,yxzJ,1.028102878
BSU39140,yxiK,0.966338082
BSU39150,yxiJ,0.846678446
BSU39160,yxiI,0.844119918
BSU39170,yxzG,0.881590821
BSU39180,yxiH,0.933690925
BSU39190,yxiG,1.012256728
BSU39200,yxzC,1.005340467
BSU39230,wapA,0.995089166
BSU39240,yxxF,0.961879363
BSU39250,yxiE,1.002974887
BSU39260,bglH,1.076959475
BSU39270,bglP,0.754286762
BSU39300,yxiD,0.977470118
BSU39310,yxiC,1.026626088
BSU39320,yxiB,0.988971949
BSU39330,abnB,0.998034163
BSU39339,yxzL,1.010352042
BSU39340,hutP,1.013477828
BSU39350,hutH,1.025215948
BSU39360,hutU,1.084704629
BSU39370,hutI,1.032126485
BSU39380,hutG,1.112218313
BSU39390,hutM,1.060411798
BSU39400,pdp,0.879746675
BSU39410,nupC,0.881649954
BSU39420,deoC,0.940223622
BSU39440,yxxB,0.875607933
BSU39450,yxeR,0.952327466
BSU39460,yxeQ,1.112672201
BSU39470,yxeP,1.172810355
BSU39480,yxeO,0.897044356
BSU39490,yxeN,0.924263913
BSU39500,yxeM,0.718105327
BSU39520,yxeK,0.98878906
BSU39530,yxeJ,1.190733176
BSU39540,yxeI,0.878071683
BSU39550,yxeH,0.933233334
BSU39560,yxeG,0.990172561
BSU39570,yxeF,0.908775877
BSU39580,yxeE,1.225181825
BSU39590,yxeD,1.078524873
BSU39600,yxeC,0.933439885
BSU39610,yxeB,1.017910535
BSU39620,yxeA,1.177039163
BSU39630,yxdM,1.069543401
BSU39640,yxdL,1.209843883
BSU39650,yxdK,0.730202862
BSU39660,yxdJ,1.045852415
BSU39670,iolJ,1.115444237
BSU39680,iolI,0.817686552
BSU39690,iolH,1.027500205
BSU39700,iolG,1.017849473
BSU39710,iolF,1.042987729
BSU39720,iolE,1.079572005
BSU39730,iolD,1.188886713
BSU39740,iolC,1.116145235
BSU39750,iolB,0.962546201
BSU39760,mmsA,1.040323733
BSU39770,iolR,0.936254771
BSU39780,iolS,0.718529497
BSU39790,yxcE,1.100997355
BSU39800,yxcD,0.906487712
BSU39810,csbC,0.980172888
BSU39820,htpG,1.101593058
BSU39830,yxcA,0.948038603
BSU39840,yxbG,1.057879299
BSU39850,yxbF,0.993726126
BSU39860,aldX,1.107977215
BSU39870,yxbD,1.057483554
BSU39880,yxbC,0.934034072
BSU39890,yxbB,1.026388272
BSU39900,aslA,1.065824473
BSU39910,yxnB,0.86976143
BSU39920,asnH,0.926284458
BSU39930,yxaM,0.976768513
BSU39940,yxaL,0.961263723
BSU39950,yxaJ,1.14701743
BSU39960,yxaI,1.11155466
BSU39980,qodI,0.91014613
BSU39990,yxaF,1.032657546
BSU40000,yxnA,0.944627263
BSU40010,yxaD,1.084496933
BSU40021,yxzK,0.931145816
BSU40022,yxaC,1.069527
BSU40030,yxaB,0.98749864
BSU40040,glxK,0.707925025
BSU40050,gntR,0.640455683
BSU40060,gntK,0.956524397
BSU40070,gntP,0.942446024
BSU40080,gntZ,0.912814092
BSU40090,ahpC,0.770927319
BSU40100,ahpF,0.723151214
BSU40110,bglA,0.94844436
BSU40120,yyzE,0.648631368
BSU40130,yydK,1.104614746
BSU40139,yyzN,1.029355001
BSU40140,yydJ,0.586062818
BSU40150,yydI,0.550025296
BSU40160,yydH,1.071036686
BSU40170,yydG,0.868870543
BSU40180,yydF,0.96536524
BSU40190,fbp,0.95089297
BSU40200,yydD,0.896331776
BSU40210,yydC,0.965361417
BSU40220,yydB,1.06965176
BSU40240,yycS,1.022332037
BSU40250,yycR,0.966475744
BSU40259,yyzG,0.936103936
BSU40260,yycQ,0.916858474
BSU40270,yycP,0.992452088
BSU40280,yycO,0.807692618
BSU40290,yycN,1.017829291
BSU40300,rapG,1.288595521
BSU40310,phrG,0.737205671
BSU40320,argI,1.05498107
BSU40330,rocE,0.978297712
BSU40340,rocD,0.976112802
BSU40350,rocR,0.884712618
BSU40359,yyzO,1.17048072
BSU40360,htrC,1.05966765
BSU40380,yycI,0.342550834
BSU40390,walH,0.399357411
BSU40420,purA,1.089929667
BSU40430,yycE,0.967990273
BSU40450,yycD,0.960320724
BSU40460,yyzB,1.098524483
BSU40470,yycC,0.970808665
BSU40480,yycB,0.810236857
BSU40490,yycA,0.826795515
BSU40500,rplI,1.005792671
BSU40510,yybT,0.900624164
BSU40520,yybS,0.973657012
BSU40529,yyzH,0.987360484
BSU40530,cotF,0.953855414
BSU40540,yybR,0.897070258
BSU40560,yybP,1.089727972
BSU40570,yybO,1.136152433
BSU40573,yyzI,1.047262717
BSU40574,yyzJ,1.018623879
BSU40578,yyzK,1.046681341
BSU40579,yyzL,1.083251848
BSU40580,yybN,0.909552959
BSU40590,yybM,1.076426485
BSU40600,yybL,0.864832486
BSU40610,yybK,1.205483849
BSU40620,yybJ,1.122161448
BSU40630,yybI,1.089868574
BSU40640,yybH,0.988221318
BSU40650,yybG,0.954607039
BSU40660,yybF,1.126103703
BSU40670,yybE,0.945239122
BSU40680,yybD,0.918236011
BSU40690,yybC,0.93497482
BSU40700,yybB,0.968773108
BSU40710,yybA,1.078962855
BSU40720,yyaT,0.948390639
BSU40730,yyaS,1.077147523
BSU40740,yyaR,1.092365463
BSU40750,yyaQ,0.897352305
BSU40760,yyaP,1.162116867
BSU40770,tetB,1.174397082
BSU40780,tetL,0.972197756
BSU40790,yyaO,0.998887326
BSU40800,yyaN,1.244608092
BSU40810,yyaM,0.955394887
BSU40820,yyaL,1.019610172
BSU40830,yyaK,1.071594666
BSU40840,yyaJ,1.113626674
BSU40850,maa,0.910379118
BSU40860,yyaH,1.018878033
BSU40870,ccpB,0.926749882
BSU40880,exoAA,1.007574761
BSU40920,engD,0.818627272
BSU40930,yyaE,0.980614952
BSU40940,yyaD,1.056556297
BSU40950,yyaC,0.506719975
BSU40960,parB,0.075585334
BSU40970,parA,0.653118896
BSU40980,yyaB,1.097717141
BSU40990,noc,0.994296104
BSU41000,rsmG,0.369059587
BSU41010,trmF,0.878212545
BSU41020,trmE,1.116457122
BSU41030,jag,0.812704397
BSU41040,oxaAA,0.012679253
BSU41060,rpmH,0.231199742