ProtID,Tminus30,T0,T15,T30,T45,T60,T90,T150,T210,T330
O06744,46,,,43,,89,64,52,,15
O34799,22,21,24,,,,,,,
P40868,19,79,47,53,,31,,103,30,48
O31446,50,122,100,92,,115,73,70,29,
O31659,104,163,96,43,,,,,,
C0H3T6,26,,,,,,,,,
P02958,751,978,,550,,76,,156,,
P04831,18746,17905,8392,3925,265,308,230,349,209,125
P39668,241,120,118,103,82,115,195,137,98,32
Q7WY59,55,52,41,55,29,29,,186,49,
Q08311,111,143,142,258,136,144,68,63,64,97
O31768,2015,2239,1390,944,100,30,92,139,54,
O31572,190,134,96,49,,,,,,
Q45060,2268,1955,863,471,66,74,52,96,,52
O32007,665,609,247,69,,,,,,
O34409,85,143,98,,81,81,100,72,,
P04832,12811,14535,6244,3256,174,323,124,218,77,
P94446,1280,1216,898,516,255,437,211,309,151,67
P54481,727,864,237,124,,,,138,,
P71032,66,80,38,,,,,,,
O31552,1062,1219,651,384,132,48,,,,
O35033,31,145,121,125,62,103,110,75,54,93
O34783,969,846,586,254,85,,,,,
O31762,84,91,75,64,19,,,,,
O34654,183,100,133,122,167,192,162,153,71,71
P54430,261,387,422,384,233,293,231,333,143,76
O34585,291,459,642,73,,,,31,,
O06734,186,217,206,205,150,238,224,238,140,131
C0H402,197,418,421,72,,,,,,
P94537,1783,1542,1167,707,,126,60,278,16,
P54598,3668,4800,2136,1821,1169,1253,1022,1209,998,653
C0H3R1,213,262,294,465,205,49,,36,,
P54944,437,387,425,450,241,210,292,356,231,213
P39801,124,92,145,110,103,82,114,110,50,184
Q7WY58,725,1197,535,278,65,201,102,93,26,182
P42402,203,354,179,57,98,132,159,92,44,59
O32180,802,741,884,432,147,33,72,109,,
O32066,121,197,150,86,17,,,,,
P71031,210,326,285,75,,,57,18,,
O32166,87,90,158,116,16,30,22,,,
Q06320,27,50,58,53,98,105,82,52,19,
P37549,349,915,185,156,,,,42,,
O31649,150,165,207,183,158,287,310,178,255,154
O07949,139,227,70,126,14,36,26,29,29,24
O35023,153,176,84,100,100,216,95,200,147,32
O34503,171,91,87,,,,,,,
P54606,4059,6365,3089,776,91,46,203,54,,
P54379,238,569,146,22,,,,,,
Q45538,719,936,396,604,322,542,802,733,479,456
P07784,6244,5898,2464,1288,55,199,145,1520,,209
P54601,3035,2476,2622,1505,308,92,65,82,,
C0H3Y5,653,652,417,139,52,75,,127,,
P14016,1867,1893,1593,1957,1033,1352,1126,1492,1102,935
P54474,92,134,76,63,126,22,94,371,148,55
P35149,1318,1601,790,742,726,1063,1039,866,683,287
O34579,233,348,279,243,217,199,245,383,237,39
O05246,140,186,250,,,,,,,
P04833,602,828,278,141,,,,,,
O32073,476,586,1025,149,97,,,,,
Q7WY65,53,69,62,46,,,,,,
P40869,500,688,493,589,328,431,345,384,283,194
P49853,32,29,,,,,,,,
O34405,55,93,,,,,,,,
P54597,756,570,181,217,87,144,53,72,31,
O34859,59,163,138,71,65,,,,,
O34656,300,280,201,186,153,199,223,128,108,29
P10726,22,29,,,22,26,,50,20,
C0H443,104,123,129,,15,,,,,
O32173,273,313,169,162,,,,,,
P23261,835,1225,748,981,721,593,734,938,727,227
P12310,915,931,1090,980,736,859,663,1179,837,606
P39790,37,91,49,137,,,23,37,75,
P07790,566,525,472,400,301,270,292,265,156,213
Q7WY68,266,321,354,61,,,,54,,
P46914,489,791,386,411,400,449,426,436,278,117
P39620,567,665,457,431,209,407,208,385,199,262
Q45535,52,18,,,66,23,24,29,,
O32036,33,,,,,33,,,,
Q796Q1,38,68,,48,,,,,,
O06997,399,520,401,272,230,246,344,451,343,368
P96728,198,235,256,118,,,,,,
P46916,163,263,135,181,45,71,95,73,41,29
P42408,315,673,536,94,,,,94,,
O31802,245,169,282,256,62,71,69,66,98,
P96619,946,1211,598,736,739,591,641,641,395,266
P54448,25,180,101,,139,130,130,32,,18
P42249,125,273,219,306,140,146,127,184,167,59
P07788,1306,1855,1743,1673,1114,1696,1371,1513,1017,701
O07634,672,709,602,400,243,496,326,352,224,119
P38490,1236,1385,738,416,218,220,237,261,105,98
P42068,21,,,,,,,,,
Q7WY66,33,53,40,,,,,,,
O32089,111,132,123,73,60,44,32,62,47,58
P40746,65,126,109,96,62,131,84,196,79,36
P16450,132,194,197,376,72,359,220,166,71,473
Q45537,514,196,287,216,221,298,172,298,280,105
P37554,484,520,469,472,528,382,318,259,138,133
P94541,25,25,65,,,,,,,
Q45536,274,487,506,458,546,539,352,392,480,260
P37531,307,568,319,396,311,365,247,335,220,125
P46331,20,,14,,,,,,,
P94494,112,184,184,84,,160,75,155,87,
O05495,225,284,320,296,268,390,180,369,201,94
O31585,464,250,262,47,,,,,,
O07622,252,470,370,294,349,400,409,318,150,132
O32087,73,226,156,140,48,39,89,,57,
P54487,82,38,,,,,,,,
O34806,655,945,587,447,393,565,473,666,351,375
P54516,54,50,57,42,,44,47,49,,50
O32040,19,,,,,,,,,
O31824,58,338,51,62,60,93,296,54,33,353
O32062,274,393,262,200,224,262,328,325,146,150
O34682,906,758,481,485,75,63,27,,22,
O06012,375,422,260,147,201,193,87,86,114,63
P07789,1793,2293,1790,1440,1187,1314,1599,1856,1195,814
P35150,110,335,110,192,61,110,199,109,109,
O07611,48,60,50,44,57,69,71,94,49,
P37548,71,147,36,108,119,94,41,96,51,
L8E9J0,241,213,275,144,,26,,,,
O32160,90,141,63,51,81,54,51,56,35,62
P38422,483,803,557,658,353,866,455,367,255,166
Q08312,129,95,233,140,226,73,99,155,94,39
P46915,531,781,527,448,354,440,566,635,285,203
P31845,65,114,92,86,,93,36,69,67,41
O34661,16,19,16,16,20,16,17,18,,17
O34431,498,603,375,403,340,409,293,428,250,96
O31740,105,96,99,90,77,108,122,84,85,145
O34389,795,1352,928,825,756,641,638,934,731,662
P22322,542,818,652,627,129,,,30,,
O06011,67,72,124,200,,,,,,
Q99171,373,420,287,241,112,,61,,,
P42969,237,436,367,213,270,245,347,384,175,57
O34928,58,109,78,57,73,103,26,33,,
O34423,123,261,147,154,181,257,286,180,94,118
P37955,63,46,,,,,,,,
Q796Y5,100,220,297,249,70,237,217,212,173,320
O34767,238,304,278,299,155,298,335,251,204,60
Q7WY69,32,21,72,,,,,,,
P50739,245,317,277,246,262,363,273,368,318,223
O32072,248,81,49,21,65,,48,45,323,145
O06996,299,343,222,353,255,360,421,457,384,281
O32128,468,407,521,257,26,92,123,194,49,
O32124,23,139,43,47,159,86,76,52,48,
P54943,117,132,167,83,,,,,,
P94377,941,1174,1011,865,447,640,789,764,583,409
O31786,530,656,432,220,100,,,,,
O07572,68,109,50,40,48,43,44,30,26,37
O05267,466,484,611,454,354,591,450,361,206,231
Q796C3,84,41,65,26,53,40,50,48,32,
O06010,50,166,110,70,105,,,,,
C0SP90,121,142,150,57,40,47,82,242,73,165
C0H432,65,74,39,51,,,,,,
P37956,94,269,167,30,,,,,,
O31589,86,202,36,136,74,91,84,75,46,76
C0H403,177,46,56,51,53,44,26,201,83,19
P50836,60,,17,71,,,,46,45,
Q7WY75,69,78,67,45,,,,28,,
P40397,266,196,318,256,127,203,176,281,109,92
O34505,20,50,24,48,41,15,,,,
O06998,339,401,144,211,163,85,235,63,288,170
P54586,779,519,472,485,389,395,234,272,228,203
P54587,279,133,138,77,,,,,,
C0H3Q2,32,31,299,250,413,81,,,,
P37558,86,95,66,67,130,52,92,76,70,33
P80242,233,48,240,240,275,537,78,126,132,302
P37553,67,61,,,,,,,,
O31707,15,,,,,,16,20,,
O31593,116,173,151,156,164,158,93,94,70,41
C0H3W2,19,,,,,,,,,
O31586,91,99,56,80,,,,,,
O34484,61,80,267,200,313,188,334,189,108,327
Q08313,97,68,74,289,156,156,101,87,161,150
P39116,63,18,,,,44,,33,61,189
O06719,94,40,34,94,78,63,31,47,28,
P19406,239,623,357,427,301,321,408,395,126,
P94358,84,22,67,28,99,26,46,44,24,
O31803,29,79,43,,104,,,62,62,52
P45869,21,48,,,,,,,,
P39571,20,,,,,,45,,,30
O31625,82,104,122,175,80,78,68,105,103,
O34840,44,,,,,,,,,
O31533,42,52,118,90,,49,98,27,36,31
P50865,36,66,71,29,90,107,104,44,,
P54477,33,140,179,90,44,69,42,125,67,
O31681,51,46,81,,50,87,73,71,65,
P49852,187,231,146,169,78,64,45,74,24,36
O07006,81,29,,97,51,52,33,30,22,
O34909,19,18,16,,,19,,,14,
P46338,74,,,58,,32,,23,,
O08394,284,283,300,341,157,146,360,177,283,
O34478,106,98,,,28,34,46,28,26,
P54716,75,223,92,55,91,47,48,62,28,32
P54721,118,143,,287,,50,110,103,,
P37512,181,236,139,112,69,102,82,39,103,138
P36946,64,260,135,76,141,92,149,160,117,104
P80238,118,147,211,210,138,128,113,125,111,151
P45947,74,110,90,92,103,95,26,42,,
P38050,56,63,69,30,40,28,90,,,
O31699,107,135,19,87,22,37,24,20,,27
P37495,186,192,88,209,30,64,49,68,,
O07919,66,214,45,591,51,,,,,
O34645,79,56,29,147,75,60,25,86,77,
P49784,36,39,47,,33,57,40,28,48,
O34940,45,86,45,70,45,103,70,70,117,62
P94531,37,,29,,,,,,,29
P39804,39,105,58,80,65,59,25,21,62,
O32231,1082,2430,1076,1176,983,1209,1013,1238,448,934
P46905,132,88,117,71,67,47,60,81,125,
P54524,103,163,182,218,99,136,68,128,109,77
O31601,144,107,133,106,34,77,32,37,24,
P36945,132,268,231,182,85,111,94,105,70,134
P39605,355,445,618,390,276,316,174,315,208,358
P94425,257,426,364,294,134,369,198,234,138,261
P50843,317,158,251,257,194,186,291,168,137,257
P42199,290,385,428,472,406,369,430,492,327,314
P13801,22,,,,,,28,,,
P54607,143,66,,87,30,109,63,108,85,51
Q04805,140,341,281,246,176,440,342,510,270,540
P94391,407,372,434,475,418,447,415,464,363,320
P12040,22,103,209,280,89,293,98,146,108,869
O31714,53,62,34,30,64,82,97,66,47,241
O05389,17,73,90,,84,33,,,37,
P94573,77,74,73,62,60,75,50,52,39,
O34564,359,598,492,525,319,363,516,300,146,351
P42403,24,58,25,60,,29,21,27,,
O32158,142,145,103,67,104,117,111,124,38,60
C0H3R0,23,100,57,,,,,,,
P14194,678,697,494,257,344,291,397,504,182,536
P25813,47,36,123,116,99,95,65,94,43,32
O31764,281,366,322,319,240,413,279,431,250,122
O34475,71,90,83,73,109,102,168,129,92,136
P39138,142,168,264,231,149,242,193,210,180,534
O35016,71,,,,,,,,,
O32224,4040,5503,4569,5294,2996,3890,2937,3062,2310,3764
P94415,20,,71,76,91,88,142,105,50,71
O31766,764,980,840,489,637,827,736,563,539,403
P10725,30,,,27,19,,15,73,30,
P42413,32,,,,36,,,,,
P94424,22,302,86,51,210,94,99,709,,297
O05239,572,1028,1025,1118,943,908,705,694,420,445
P54154,81,95,150,123,95,144,120,129,82,267
P54550,234,442,132,148,164,183,221,446,296,133
O34355,20,75,187,101,,15,15,,,82
O34967,276,352,427,364,322,371,321,351,184,192
O05240,93,115,49,81,,14,47,71,60,73
P39634,80,177,129,271,184,315,315,382,222,167
P80880,162,342,364,329,264,212,221,153,140,229
P05650,72,111,31,,34,40,,45,35,
P26902,58,148,70,128,123,82,34,86,40,33
Q45065,129,226,112,186,213,43,95,148,96,131
O32106,186,290,360,231,383,254,202,319,197,238
O34932,63,,32,41,57,33,34,33,67,87
P71012,208,375,292,208,157,156,234,189,186,1040
O34842,59,226,58,103,83,73,71,146,93,32
Q03521,44,,,,,,,32,,29
O34689,240,231,293,263,220,173,202,279,168,132
C0SPB0,145,234,250,318,202,277,178,215,19,114
P94549,58,121,56,107,31,38,80,110,68,71
P26899,22,67,65,46,41,158,238,350,386,1262
Q795U4,426,850,328,301,172,290,246,386,339,602
P94400,168,314,59,210,145,382,102,79,92,52
O32053,30,110,163,134,109,120,158,247,211,139
P46353,262,436,303,428,325,245,340,466,253,113
P40740,100,316,194,265,86,178,93,147,358,210
P39153,60,49,170,104,45,61,22,26,40,39
O34812,109,149,111,115,108,103,114,209,149,91
P37945,204,651,502,441,489,416,400,485,352,271
P96614,1676,2464,2302,2164,1300,1551,1303,1609,1237,1355
A3F3A1,78,90,189,84,79,123,64,103,85,59
C0H3V2,41,26,35,,,,,37,,
O07609,260,359,343,281,231,210,133,325,189,183
P94478,123,113,120,91,,50,121,34,20,561
P45693,135,121,97,182,79,75,45,115,124,87
P37570,48,50,73,185,144,107,143,35,54,
P32726,426,829,529,553,217,231,220,359,183,390
P14949,1162,1671,801,878,1116,520,528,735,653,745
P54531,239,337,248,432,210,390,208,499,279,243
O34470,114,110,48,56,38,29,73,53,90,112
O31953,31,,,,,,,,,
O34969,40,97,124,62,74,43,51,119,76,51
O31801,272,19,69,56,50,66,104,126,17,294
P32396,314,571,487,506,395,613,482,413,336,499
P54155,72,97,100,139,39,33,51,36,45,128
P94507,33,65,,28,31,63,,,24,
O31498,164,210,194,195,153,201,209,330,150,352
P39779,402,315,469,493,307,447,329,476,291,217
Q45497,40,,41,30,46,35,28,45,31,60
O34588,336,391,362,322,360,223,204,254,254,226
Q07428,74,95,110,145,106,105,248,294,193,79
Q795R8,47,87,30,88,57,57,56,68,51,
P54454,85,82,169,152,111,105,144,130,74,173
O32065,63,70,119,90,61,,60,27,119,167
O35011,48,,101,134,112,191,216,425,300,45
P54469,32,160,49,76,31,91,78,104,38,22
P46347,56,92,70,31,,85,38,36,,
P46354,631,977,756,875,644,714,850,785,501,737
P94559,21,53,,,,,43,,,
P20964,341,561,613,794,299,636,412,452,348,409
P37571,1648,2154,2504,2311,1463,2486,1714,2398,1158,1848
P18157,204,430,260,246,170,294,336,299,229,362
P39645,129,140,139,163,215,103,95,187,107,103
O31605,800,1022,1100,935,1267,1076,982,1056,635,632
P50743,185,265,247,299,248,247,177,261,189,108
P46323,143,200,419,213,177,191,163,130,534,345
P71013,19,,46,34,,,,73,,29
P39762,304,215,416,799,151,631,330,594,349,704
P36949,56,101,86,93,97,106,80,90,89,21
O31657,44,133,111,39,,26,,,51,51
P39070,112,122,95,37,39,76,37,39,57,71
O31741,109,421,148,139,28,78,,61,97,302
P94521,288,663,557,365,421,669,387,686,390,641
Q45493,1287,1990,1330,1520,1453,1582,1705,1599,1356,2070
O07607,74,852,104,332,81,291,44,113,,289
O31581,156,202,167,166,173,232,99,192,103,158
P28628,120,133,119,78,53,90,58,37,81,52
P54501,175,285,175,297,263,368,193,217,92,224
P13792,28,33,39,50,109,42,56,170,128,
P39646,627,839,802,884,1118,696,735,937,775,1234
P46343,127,145,144,139,137,181,144,120,134,228
O07513,496,445,596,678,537,628,515,506,245,534
P96579,48,42,45,22,60,45,40,49,81,
O05518,44,,65,65,63,48,39,15,35,106
Q45499,121,260,162,107,99,164,125,201,115,32
P28619,106,225,153,58,114,100,98,64,103,140
P80879,1146,1485,907,712,626,518,390,896,791,556
O35010,25,,,25,31,,21,,,25
P32731,46,57,78,44,70,69,71,74,40,57
O35020,49,,64,172,133,102,131,221,93,53
O31820,38,56,52,15,,,,,61,
O31430,35,26,27,76,15,44,44,36,,
O31441,25,,67,63,45,20,34,24,33,
O32232,317,327,308,326,136,163,190,174,110,297
P70999,249,216,125,130,188,94,154,284,193,214
P39594,111,60,171,50,58,121,74,136,94,176
Q07876,114,112,215,184,200,243,155,70,72,324
P24141,2837,3821,2440,2670,2618,3118,3265,3076,2365,2908
O34599,92,78,76,146,141,82,125,146,52,128
P42962,474,476,603,490,349,596,399,572,549,815
P80244,720,1933,1755,1697,566,1098,967,1244,883,1619
O34996,176,261,267,274,199,164,236,322,233,129
P54457,94,132,134,143,110,198,152,157,76,200
P51777,2234,2181,2677,1867,1024,1178,684,1076,681,509
P19466,33,73,77,60,72,202,37,86,147,119
P39914,129,177,111,219,113,106,57,84,50,40
P50727,71,48,34,74,78,57,43,59,,96
P31847,105,217,318,325,59,90,84,88,36,173
Q45495,84,147,251,266,176,200,143,146,88,164
P54520,71,90,448,,106,37,57,,215,59
O32045,115,,72,111,,,30,,,
P54485,36,,60,61,,,,18,18,
O34508,45,,47,,,40,84,,,
O32054,86,271,123,66,119,143,166,125,90,302
P55339,123,49,40,58,77,86,78,121,59,69
Q7BV94,37,41,111,43,19,68,80,42,,32
P54453,225,288,128,154,69,224,163,218,92,477
O32161,112,139,81,122,148,105,110,187,115,136
O31796,292,286,382,443,256,357,267,258,224,600
Q06752,268,519,423,502,311,388,267,240,290,560
O31806,126,205,278,216,90,73,94,82,162,151
O05521,124,71,128,104,77,71,42,,56,
Q45498,108,275,242,236,216,308,271,198,178,253
P39839,46,51,71,,,20,,,,24
P37565,362,203,604,252,255,337,267,282,115,318
P37472,96,131,180,164,166,294,271,230,207,235
P25144,322,459,815,413,371,290,302,673,372,446
P37940,31,62,84,176,134,87,47,101,29,162
P06533,62,62,25,42,28,42,16,74,62,
P54375,2187,2553,2187,2441,2305,3119,1977,3254,2609,2198
P35159,46,,63,64,144,77,44,55,37,49
P37474,173,144,250,297,164,185,99,231,160,141
P80885,2624,3138,3332,2342,2122,2293,1978,2654,1853,2226
P39142,461,554,876,561,397,477,441,501,382,344
P38032,39,241,120,194,223,117,114,126,128,160
O34925,162,218,319,127,278,281,168,153,166,230
P55179,638,845,935,737,533,584,413,620,542,733
O34934,365,413,194,182,156,225,165,169,104,177
P54518,276,429,556,743,320,304,712,593,446,958
P30949,208,252,337,346,173,227,228,341,432,290
P96611,376,174,176,133,196,118,77,128,119,128
P54475,173,287,383,254,456,493,235,362,175,458
P94463,155,261,419,268,254,230,124,151,180,199
Q796Y8,464,438,323,303,343,322,448,281,86,170
P49778,170,39,81,137,79,134,73,129,146,262
O34824,328,468,566,547,423,679,299,484,331,779
O07608,103,184,189,213,218,149,215,248,121,167
P37465,1147,2097,1823,1332,1149,1071,1047,1186,945,1425
O31771,187,416,350,356,268,297,206,231,139,270
P35137,1296,1986,1793,1856,1072,1419,966,1352,915,1249
O31628,34,505,186,187,37,134,,144,,156
P37942,308,536,465,344,197,244,344,348,229,466
O35041,38,41,31,16,23,,32,,,
O34817,42,,,,,,,,,
O31503,33,,,54,67,61,31,45,39,
O07001,73,59,37,53,,25,31,,,
O34594,32,45,67,29,33,51,35,15,,
P50849,961,1360,1697,1857,1397,1804,1377,1769,1286,1181
P46336,621,879,891,1075,428,340,463,808,513,702
O34805,101,182,114,147,142,194,168,155,82,203
P37545,67,69,38,,48,54,40,38,30,
P96613,230,346,683,658,245,422,287,316,245,261
P32959,90,269,257,256,148,153,116,65,82,
P46922,99,167,120,177,62,127,154,326,96,136
P70998,352,461,281,330,206,327,207,439,238,671
P38424,84,111,124,94,82,110,76,66,108,
P06224,472,667,440,473,458,527,434,433,348,513
O32210,543,1104,1220,1135,1266,1097,1056,1309,665,966
O34527,388,314,165,336,419,218,422,268,242,261
P42182,102,168,173,270,103,302,104,157,84,118
P54178,28,42,85,61,66,66,84,24,17,
P96741,135,334,253,249,248,188,207,266,152,248
P12464,281,491,396,295,421,532,461,208,133,114
O31754,104,207,169,142,168,175,179,147,157,210
O32091,33,213,379,316,172,234,18,63,155,106
P37876,34,361,382,304,39,443,151,53,51,77
O34946,31,51,78,41,72,72,59,90,,
P38049,86,97,107,82,102,75,71,111,56,77
O32078,335,535,260,318,204,232,147,258,186,248
O34507,58,89,111,74,122,89,127,71,64,171
O31858,29,,29,31,,67,,83,129,149
P39593,44,121,63,167,118,69,74,98,57,164
P28822,30,81,128,99,94,142,112,78,111,163
O32125,65,140,139,143,200,175,181,149,86,251
Q45480,176,326,361,325,412,176,167,370,154,264
O34553,28,108,38,48,31,252,62,60,84,146
P37538,168,192,113,99,87,91,56,120,95,96
P42974,589,749,975,808,907,742,1023,971,979,950
P46921,103,148,125,226,46,66,72,100,58,28
O34496,72,101,69,100,67,83,56,,14,114
P0CI74,156,314,435,488,379,271,249,217,160,419
P08164,506,702,549,546,436,562,212,396,431,408
P45864,20,,15,,,,,,,
P19465,345,452,249,166,259,212,269,278,161,635
P37476,1551,2410,2165,2270,2055,2065,2172,2244,1265,1691
P37522,28,148,87,91,106,112,86,70,130,119
O34557,95,267,53,,230,,50,112,67,293
P23966,266,425,485,440,335,441,347,494,249,509
P37941,96,128,232,251,161,143,170,173,102,144
P54533,98,297,234,170,241,77,43,60,132,311
P94464,43,75,81,92,69,96,43,73,52,75
P46920,471,588,577,427,551,584,487,548,313,617
P54519,132,257,139,174,114,124,192,256,146,142
P54542,521,713,664,834,529,616,547,553,518,372
Q7WY61,34,93,116,,40,34,55,148,105,169
P46906,981,1973,1837,1720,1144,1422,1051,1247,1184,1546
O07581,81,92,62,72,118,85,38,107,48,62
P94428,202,205,158,147,135,160,115,96,60,92
O34666,102,108,76,79,100,30,81,29,41,22
P80864,1030,1503,1198,1206,434,993,879,1183,759,1153
P54547,930,1077,1015,966,947,871,667,874,739,1014
P42412,78,61,56,81,99,78,102,57,56,
P24327,818,1081,783,836,673,769,636,1044,674,693
P37556,63,106,139,168,106,160,148,138,96,100
P37877,701,1148,1308,1153,1248,1386,1392,1425,1420,1477
P96723,61,183,130,133,101,110,109,70,,
O34617,51,,68,92,62,55,63,56,,45
O34454,105,191,144,203,47,191,162,213,244,207
P22250,242,543,681,731,680,829,601,784,406,860
O34443,160,191,117,237,243,298,305,258,209,190
O32052,382,925,612,528,259,540,327,364,280,516
O32201,119,109,86,147,99,93,163,207,252,372
Q59192,71,132,97,94,151,89,76,82,95,20
Q06795,395,573,545,447,553,459,657,581,396,533
P39773,1925,3093,2816,2436,1558,1778,1303,1685,1282,1766
P80240,743,935,1145,999,959,1139,806,995,509,706
O34743,159,137,309,388,165,149,157,210,152,189
P08821,2453,2465,2388,2285,1731,1976,2044,2220,2161,2162
P27643,18,,,,,,,,,
P23445,17,29,,,70,89,28,106,28,
Q06753,71,78,128,132,102,59,168,157,57,234
P24139,128,206,241,158,162,172,81,89,102,99
P36430,1227,2023,1974,1943,1904,1598,1516,1985,1177,2595
Q45066,92,211,246,154,109,155,98,194,102,85
P37464,412,825,696,680,470,455,339,482,424,732
O06986,399,525,635,310,500,376,357,407,251,648
P42242,27,,,32,,46,62,,,
P45872,284,431,332,398,265,535,183,329,292,593
P37542,40,,15,,,38,,30,,
P54592,46,64,132,123,101,113,71,94,84,59
O32221,149,199,188,138,114,90,151,160,73,55
O34966,239,547,340,412,537,480,238,270,127,191
P54472,169,126,153,92,100,160,68,152,79,101
P51835,93,313,270,218,323,250,261,169,113,182
O06965,35,,55,81,37,62,56,67,53,54
P40779,159,207,270,261,286,169,203,256,249,160
P70996,53,15,174,52,75,62,63,76,67,135
P80239,2268,2263,1955,1723,1878,1800,1361,1373,1118,1828
O34305,78,87,181,95,161,125,76,162,83,74
P54456,42,14,,21,,58,,74,,
P54461,116,77,106,83,24,51,31,35,27,
P37869,7566,9162,7947,7515,6260,6971,5546,6983,4443,6375
O31718,146,157,188,122,74,73,87,140,106,137
P30950,177,284,292,457,305,325,374,361,144,451
P32727,700,788,886,962,541,839,613,731,558,785
P05653,415,536,526,550,413,414,331,499,294,222
O32163,113,73,184,213,167,126,148,206,206,185
P50740,20,,,,15,,39,,,
P40737,181,310,295,231,69,84,47,55,67,170
O07603,269,692,550,746,534,546,467,644,284,588
P39131,140,148,90,85,52,62,27,132,48,91
P50736,70,224,230,175,169,124,101,301,160,230
O34944,316,496,597,748,431,420,377,394,214,205
P94558,139,193,179,133,119,132,154,271,235,98
P96672,38,103,63,62,43,103,97,97,89,51
P42981,34,31,44,54,,56,,38,,
Q05873,412,890,888,959,856,1173,1194,1102,833,962
O31749,78,75,151,130,163,210,174,291,182,165
O32174,117,99,135,100,75,110,158,151,157,209
O34779,54,88,72,51,90,70,56,61,60,79
P39121,168,269,283,430,324,306,176,238,154,208
O32114,34,30,38,69,,31,,55,67,62
P37484,52,,96,,,,55,31,23,
P46919,199,675,477,643,559,507,558,510,382,536
P46344,96,190,170,205,60,151,89,98,77,
O31755,315,331,566,669,459,552,619,767,492,713
P28367,171,521,394,486,340,381,222,392,314,532
P26901,305,614,884,612,466,476,316,353,430,523
P37557,92,159,139,328,76,101,104,135,58,124
P34956,199,266,227,251,183,227,197,254,165,325
O34962,637,1137,1406,1298,1103,1144,948,921,659,1154
Q45069,63,62,60,,,,,,,
P37871,4465,6788,6918,6534,5724,6409,5200,5586,4392,5897
P13243,3549,5714,5038,5628,3537,4924,2614,4690,2840,6866
O34436,125,122,108,27,22,184,24,51,,
O34693,49,108,142,84,115,44,39,45,53,
P20429,1261,1682,1376,1666,1988,1744,1213,1580,1184,1563
P39778,506,460,664,300,338,399,410,352,217,499
P11998,170,313,276,380,291,311,218,189,267,573
O31629,417,447,1270,661,737,587,508,457,452,509
P07868,23,,,,,,18,,16,
P33166,11411,9493,11341,8963,7618,9574,6776,10694,8322,10488
P55342,53,249,231,284,121,238,225,201,128,233
P17889,1872,2417,2114,1392,1551,1988,1371,1687,1323,1966
P18579,27,53,191,134,180,147,136,134,70,145
P54467,30,30,30,43,48,27,,39,40,18
P42954,116,191,157,102,80,79,84,56,81,188
P54495,46,75,77,89,81,60,54,72,43,46
P96612,77,132,183,251,237,247,154,205,162,165
O34450,132,109,61,191,51,106,87,70,36,74
P54569,83,107,75,87,85,71,32,50,55,197
P37870,3062,4058,4455,4627,3605,4402,4249,3946,3355,3723
O31753,165,113,176,226,197,219,184,180,170,373
O34943,39,73,37,64,95,96,51,94,69,74
P96503,53,73,99,63,67,94,75,101,91,91
O34660,367,598,1000,626,490,413,307,364,146,341
O34924,161,339,354,227,221,266,420,321,286,520
O31717,115,137,139,121,150,129,115,66,64,70
O34863,77,200,146,153,196,226,153,243,127,158
P37807,38,38,17,35,42,35,27,35,40,26
O06491,977,1681,1752,1526,1096,2166,1568,1875,1837,1144
Q794W0,23,,18,48,,,52,56,,44
P24136,163,387,281,315,289,339,330,523,285,227
Q03222,197,477,490,454,276,461,266,248,135,175
O32218,261,509,243,281,374,227,329,222,295,388
P24137,260,482,406,381,444,550,436,416,331,577
P50840,152,132,108,163,94,106,130,120,58,23
P13242,832,1334,982,902,724,889,620,738,640,1171
P37466,37,,,160,40,52,48,37,50,85
O34592,104,,66,82,67,107,28,110,76,162
P54465,122,82,141,104,51,149,80,219,80,67
O05241,50,,,,,,,30,21,
Q797E6,52,26,,62,32,45,,76,,
P50866,392,703,690,645,646,764,728,796,569,740
O31775,348,467,220,181,90,107,33,92,221,75
O31682,16,,,,,20,,,,
P54380,76,283,128,220,202,261,306,254,128,169
P39586,179,78,168,134,137,99,58,123,168,299
P34957,1233,1745,1580,1521,910,1286,1367,1314,831,1694
P71037,25,41,101,82,128,58,65,68,71,76
Q08352,55,136,140,125,481,945,1437,2312,2083,3693
P94584,36,37,50,40,31,87,50,40,49,42
P24138,53,,115,44,48,107,116,205,66,194
P05652,288,497,471,296,321,453,218,353,146,542
P54464,328,378,234,247,254,332,212,292,178,221
O34628,687,1242,1030,1159,608,780,787,749,662,677
O05509,37,,40,,,31,29,42,23,
P14802,142,189,190,186,137,170,201,305,216,183
P08877,920,958,1872,1927,695,1361,829,1825,754,920
O06492,134,74,261,42,174,98,47,,120,130
P80871,145,273,526,406,529,459,180,590,403,352
P96608,51,98,195,192,77,,66,36,51,111
Q02169,198,401,207,286,,114,43,26,117,39
Q45589,25,42,,33,,50,40,27,42,71
P40924,3471,4729,4322,4522,3059,3798,3932,4943,3676,5478
O06746,81,57,114,196,153,154,260,233,114,249
P94551,128,177,145,232,242,136,25,144,82,25
P80860,2303,3449,3254,3777,3181,3052,2398,2992,2483,3264
P37104,64,147,104,88,65,60,55,50,52,147
P80643,97,89,231,184,190,344,160,289,229,164
P39772,1117,1497,1113,1016,877,1136,1161,1228,1053,1626
P21882,4378,6106,6664,6388,5306,5302,4730,5792,4402,5098
P19669,1078,1112,932,958,850,1350,1085,1320,1252,686
P38493,143,225,305,307,211,242,155,385,191,362
O32229,52,31,69,96,63,44,48,75,85,43
O34751,454,650,452,595,391,372,405,354,292,452
O30509,908,1279,998,1140,1005,1135,876,942,618,1042
P37105,216,294,358,303,273,278,322,282,172,86
P37478,112,301,225,219,292,265,376,217,300,209
P39071,127,258,337,248,258,223,170,351,238,337
O31509,65,89,23,64,95,62,122,602,28,114
P27876,1262,1484,1662,1575,1112,1243,888,1081,823,1208
O34424,68,66,82,57,54,89,103,18,61,
P54512,116,186,171,239,230,184,163,71,77,128
P26906,105,169,152,159,175,276,231,218,121,55
P18159,260,746,1007,742,648,1102,742,1024,639,755
O34318,70,145,90,116,78,127,83,124,91,168
O32118,37,,,,,25,37,,,
O34525,280,256,300,301,449,388,374,470,209,333
P37547,67,,,,,,,,28,
P50848,197,298,507,348,277,415,258,270,160,487
O07542,449,465,455,565,399,287,318,377,343,401
P42084,32,23,,69,50,98,68,112,38,
P17820,5717,7748,6947,6396,5454,6350,5613,6373,4143,6296
P39815,58,49,95,152,87,99,61,123,165,
O07516,248,301,181,160,162,318,227,353,193,156
P38494,4821,6110,3996,3601,3010,3576,3595,3986,2793,3840
P21881,3500,4453,3920,3500,2766,3395,2803,3324,2481,3786
Q04796,444,1021,1160,1158,518,801,483,983,795,1222
P45694,4118,5297,4527,3868,3853,4629,4319,4512,3836,4085
O31689,120,132,201,202,256,228,142,267,135,194
O34334,303,575,515,610,272,665,264,717,178,709
P15874,373,428,352,445,466,418,424,436,354,531
O34529,487,633,405,435,564,503,392,728,425,414
P24281,310,452,713,340,335,293,331,208,117,395
P09124,6603,6915,7464,6778,6546,7714,5058,8912,8751,9674
P54466,2062,2369,2682,1658,1828,1634,1906,1392,1417,1286
P45708,98,139,195,209,124,128,74,96,230,114
P19670,169,217,336,261,131,260,186,319,196,285
P39574,31,109,107,117,52,69,48,125,96,271
P71018,552,465,492,469,497,565,438,545,322,599
O34760,37,,,,,,24,32,29,34
O34441,91,87,79,96,30,,27,36,32,
P54182,19,44,74,64,50,39,66,106,119,104
P29727,1403,1945,1455,1707,1391,2068,1899,1593,1601,2454
P68731,42,33,,,37,39,49,,,29
P39793,450,576,580,601,486,460,643,777,385,891
P42953,44,57,61,51,47,60,58,50,64,130
P17620,64,219,294,188,247,177,210,165,82,220
Q04385,75,53,107,66,88,137,53,78,69,
P71070,27,149,124,233,111,50,50,97,89,
P80868,7247,8551,8220,7425,6707,7341,5871,7397,6203,7251
O31726,94,86,69,78,93,39,50,38,63,59
P37477,811,1571,1150,1032,969,1017,1050,1146,1051,1131
P35163,313,526,506,324,226,290,266,420,205,128
P54608,47,65,29,95,51,113,76,62,68,73
O32187,55,76,74,80,57,26,,21,16,27
P80700,5374,7648,6296,5896,4963,4969,3966,5281,4727,4531
P54572,71,90,100,139,65,255,130,167,313,549
Q9JMQ2,189,109,107,103,154,110,271,110,166,156
P39814,362,650,528,395,197,348,289,335,149,263
P18255,770,886,1265,1114,1045,1151,968,1309,990,910
P21883,6646,8010,6089,5959,4943,4518,4341,5631,4323,8413
P70962,98,195,176,267,227,219,212,147,191,195
P81101,408,473,412,372,329,307,281,431,314,199
O06973,80,106,62,145,181,152,182,192,74,230
O32033,42,39,33,,36,65,,,,98
P54534,410,464,550,606,461,500,455,493,210,579
O07573,37,27,,34,51,59,111,60,60,15
P54179,126,,,74,,,,26,73,63
O34526,525,777,1091,836,513,868,714,972,706,1175
O32047,560,893,837,942,624,626,702,700,495,437
O32222,130,108,129,75,179,111,,29,,
Q01625,52,78,115,92,70,73,53,89,50,64
O32113,21,130,278,187,168,184,182,98,59,106
O34827,90,96,188,143,102,100,105,58,62,50
P54574,60,64,47,98,66,100,121,209,166,
O34659,73,82,85,53,78,118,126,66,47,156
O32264,308,572,517,520,566,493,437,600,340,472
Q08429,69,88,45,,52,66,56,49,48,108
O34357,133,120,125,189,162,154,158,153,68,145
O34600,82,110,199,380,153,287,262,240,162,536
O32039,484,742,904,823,981,748,670,720,366,644
P94431,150,214,303,169,120,52,128,79,74,62
O54408,106,218,252,315,245,279,217,259,152,165
P81102,232,337,231,282,174,266,74,153,213,175
P45941,129,256,168,153,203,159,127,101,147,174
P20458,298,334,288,473,244,342,181,348,233,704
P21879,2403,2740,2497,2201,2879,2492,2410,2710,2521,2755
P39149,369,1017,579,594,502,627,311,627,366,843
P19994,104,115,171,181,152,45,96,146,116,567
O32086,41,74,43,71,83,47,47,44,54,
P54555,78,,111,113,56,147,63,60,,
P12011,56,67,199,118,86,105,88,177,39,125
P54169,393,499,644,597,421,482,301,451,274,477
P37967,56,96,87,132,141,88,165,111,58,85
O32208,34,24,50,86,73,60,45,62,38,
P40778,497,581,1120,789,701,902,701,724,368,1158
O34340,2370,3807,4358,3697,2916,3082,2419,3194,2271,3117
P70994,61,109,30,347,51,112,,,43,141
P54532,60,86,114,80,54,96,54,133,51,137
O34860,104,127,95,62,104,88,88,99,50,28
P52998,104,203,235,214,202,353,217,196,129,240
P37455,162,204,168,186,181,214,215,180,143,254
O31760,320,425,705,524,507,609,595,502,459,656
O34328,111,153,187,151,194,173,133,193,249,165
O32175,52,49,112,98,81,71,91,83,75,69
P35164,51,76,43,202,50,83,62,49,74,117
P94352,58,51,63,,65,40,29,72,45,59
P39761,153,318,444,410,273,233,146,278,152,473
Q45477,740,1227,948,1440,1106,1209,1015,1159,858,1248
Q45585,63,75,42,78,107,63,67,42,30,
O34990,31,115,149,115,128,116,89,191,96,145
Q7BVT7,83,105,110,43,158,99,,105,133,241
P37872,69,62,44,44,135,54,54,73,48,108
P37529,34,31,76,57,,42,36,,,
P42411,53,,48,61,60,63,33,48,,
P54947,22,170,129,108,75,169,145,176,170,42
P55872,423,536,897,717,610,631,489,412,267,528
Q03522,134,127,217,193,126,173,171,197,112,319
P71084,116,484,521,499,358,437,354,533,319,430
P39788,57,,,,18,,,,36,
P96615,58,203,273,268,282,249,233,153,54,181
O32049,49,30,48,58,57,35,32,102,107,256
O31656,35,72,86,120,68,59,41,41,18,277
P37585,230,246,226,195,135,182,165,139,44,88
P16440,68,86,54,39,41,21,54,32,39,
O06006,247,163,158,164,201,123,142,302,153,142
P42305,64,73,22,45,108,69,59,74,36,
O32055,143,159,33,,,,85,42,70,82
Q45597,34,106,81,192,90,103,66,31,33,87
O31425,74,41,79,73,86,142,71,107,41,60
P08064,47,42,15,53,44,27,74,32,44,
O34916,111,182,237,174,107,153,202,178,117,137
P40780,948,1282,1742,1175,762,738,701,659,517,1595
P19079,132,78,84,169,124,66,126,122,33,80
O31774,511,570,933,485,535,724,611,670,509,645
O32165,3202,4620,3600,3746,2543,2703,2105,2650,1973,3368
P54476,119,134,133,167,158,335,250,178,59,294
P49786,585,504,592,516,368,416,672,607,586,601
P08838,1654,2283,2284,1971,1914,1999,1582,1725,1679,1897
P53560,39,131,94,76,76,140,53,152,127,
P39667,177,280,283,265,94,422,141,196,162,230
O31810,19,,,,,,,,,
P51833,148,177,255,115,175,187,237,270,151,224
O32028,386,1405,447,779,467,506,356,536,461,953
O05265,162,384,234,177,135,155,128,88,101,249
P54479,116,177,133,114,167,111,230,187,125,295
P39760,193,285,66,109,197,68,160,118,241,107
P94520,54,78,78,47,33,51,41,63,33,
P05654,105,79,166,144,44,88,61,202,149,355
P54381,330,881,1200,931,866,969,1148,1241,884,1227
P94576,94,146,274,47,,21,,,140,
A3F349,493,471,920,759,603,662,499,730,393,695
P80698,6047,6918,5920,4407,3892,4465,3705,4678,3160,4740
P54374,35,85,255,206,366,94,87,185,165,181
O32164,606,1348,1198,1135,726,1360,931,1231,1210,1686
P07343,1868,2382,2623,1850,1906,1768,1082,1955,2099,2627
P28599,450,454,477,350,369,439,514,623,615,308
Q01465,283,470,573,612,536,690,630,597,454,419
P06534,75,212,255,190,205,155,131,215,188,175
O06724,55,128,138,79,117,90,114,101,88,124
P80866,1452,1669,1896,1872,1902,1932,1643,1860,1189,1885
O34746,484,484,690,672,510,627,511,773,544,590
Q02115,106,140,143,185,120,168,225,142,90,104
P55180,433,449,462,594,360,566,482,504,387,439
O32038,1379,1768,1983,1814,1371,1677,1304,1465,1053,1313
P13484,170,197,376,225,194,128,189,160,200,237
P96605,73,84,72,64,84,121,48,102,36,98
P21880,4512,6773,6774,5827,4048,4708,3416,4601,4048,4817
O34814,28,59,141,79,115,45,68,57,56,35
O34629,112,181,191,221,225,178,197,174,133,196
O32248,168,154,107,112,125,115,73,32,118,190
Q7WY72,138,,,,145,87,54,22,171,39
P96704,35,,,,33,,29,27,,85
P37566,143,220,167,122,77,83,99,82,69,68
P08750,472,501,347,512,472,359,575,524,446,640
O34580,96,208,215,210,175,159,145,198,172,159
P37573,65,130,128,88,165,131,130,183,158,67
P37518,588,777,709,653,542,561,655,847,359,939
P49787,1167,1569,1239,1192,1018,983,647,840,1037,1015
O34788,1254,1495,1349,1436,1165,1149,929,1324,1041,905
O07584,225,550,458,548,597,588,592,517,173,509
P54460,89,126,50,50,81,160,42,87,34,179
P26942,31,,,,,,,,,
P12013,210,287,279,244,195,263,159,196,115,77
P25151,31,45,24,,,,67,28,,
O34499,1298,1964,1961,1573,925,1528,1297,1519,784,2005
P37560,49,66,62,80,63,90,48,93,65,63
P39610,262,489,353,291,311,326,395,336,307,332
P22326,608,814,919,734,951,831,484,893,599,785
P70947,83,183,91,91,91,98,74,60,57,161
P02394,1304,996,820,775,1034,1110,1100,1136,627,1178
O32162,1232,1652,1893,1256,1218,1343,1294,1481,993,1165
P37944,55,109,90,99,73,49,,71,58,124
O31716,854,904,1304,1167,990,1137,1032,922,482,1161
A3F364,367,983,667,754,517,588,511,532,394,835
P14193,322,377,414,407,548,380,444,399,328,615
P54570,106,126,142,235,159,224,182,173,149,253
P70974,123,137,624,1580,681,337,424,1020,926,1465
O07631,720,1079,1062,1039,895,1028,719,1024,799,696
Q06796,780,978,1255,990,675,973,891,1103,701,1160
P28366,604,836,768,863,938,748,780,989,937,743
P55874,80,152,,,27,74,63,57,44,37
P13485,157,281,198,172,215,229,205,244,156,158
P71079,207,267,304,381,386,340,215,279,179,183
P17922,1001,1486,1733,1465,1654,1446,1199,1452,1007,1063
P80859,4696,7970,6006,5713,4533,5681,4060,4688,3407,5921
P37949,438,475,415,455,465,440,437,384,233,724
P96616,107,133,62,31,61,62,98,40,56,134
Q45063,35,96,72,128,119,101,107,190,177,177
P12878,22,35,27,32,37,34,35,27,20,39
P19947,530,568,555,555,291,468,378,469,490,776
P37551,68,97,95,131,152,123,74,202,148,100
P37487,1728,2309,2225,1960,1637,1993,1904,1927,1637,1814
P17631,157,141,247,180,270,173,172,150,86,173
Q45614,74,26,116,93,57,65,73,52,26,34
O34725,209,227,105,223,180,143,135,83,62,319
O32076,623,996,912,934,574,566,658,1012,719,570
P54535,1557,2492,2418,2360,1044,1913,1319,1792,1732,1467
P56849,44,54,62,82,65,67,34,44,60,183
P71019,973,1476,1258,1525,1032,855,822,976,1006,1146
Q03523,378,506,605,670,663,404,431,492,182,436
P28598,7230,8653,7088,6611,4731,6077,5270,7068,5790,4929
P42108,46,44,,,,,,27,50,118
P31080,140,80,70,127,71,128,168,163,106,256
P20282,356,524,393,301,317,300,482,575,238,673
Q01464,58,73,82,110,168,90,162,56,61,68
P42923,1589,1122,2153,1246,1030,1373,1130,1248,895,1272
P0CI78,102,68,173,191,111,97,485,448,258,318
P54389,91,154,214,164,72,104,119,96,69,178
O32127,55,60,53,42,41,38,63,105,51,
P54510,517,583,450,489,565,462,549,334,288,459
P54170,140,205,313,327,190,388,337,231,210,390
Q06797,1057,1038,1175,1060,978,838,952,1132,846,630
P14577,401,552,432,495,676,447,441,692,444,555
P37815,35,40,26,59,26,44,63,57,42,107
O05394,27,25,64,65,71,60,85,68,88,129
O06476,97,122,153,112,129,134,166,160,19,94
O34847,480,536,412,470,341,362,284,327,172,251
P17921,438,520,733,700,447,658,512,423,328,524
O34784,66,37,109,92,112,106,72,111,94,243
O34309,83,248,335,202,197,208,188,98,94,212
P20277,287,460,388,401,451,312,483,566,359,789
O07604,22,20,60,47,,30,,52,,
O32031,101,175,79,107,67,71,90,138,167,118
O31488,16,,,,,,18,29,,
P94585,128,101,139,69,65,19,56,40,50,
P54382,827,1540,1149,1220,885,1250,724,904,606,1698
O34872,85,243,99,147,87,83,54,105,72,71
O07617,166,237,409,181,364,269,212,243,196,424
P39579,60,114,36,77,113,86,85,64,46,75
P21468,1958,1494,1701,1323,953,641,530,1503,1047,1393
P04969,286,359,297,295,281,302,242,373,211,289
O06974,58,35,111,154,50,65,54,56,51,
P12875,49,107,130,136,132,100,71,93,47,149
P12873,542,589,432,417,362,321,279,310,419,363
Q45494,195,173,305,292,309,254,175,217,199,388
P21464,652,934,1356,1097,727,944,922,937,735,1057
P42400,43,257,106,110,,,,,,139
P21466,1851,2127,1794,1983,1572,1576,1969,1819,1413,1555
O31636,51,41,51,50,240,39,34,47,70,283
P37437,153,199,219,231,123,177,110,201,169,211
O31742,617,546,733,787,638,648,498,732,395,594
O05268,1046,1068,1417,1487,1277,1105,1057,1805,1009,1508
O31848,99,67,65,57,39,25,65,103,51,
P21656,158,154,213,145,162,106,205,197,137,189
P21475,26,39,35,35,39,37,36,38,41,19
P42924,163,207,198,233,273,197,177,219,181,306
O07544,26,17,19,,,,,,,
P12879,560,634,753,614,615,823,1058,779,609,512
P23630,385,559,598,671,556,622,505,596,429,635
O31630,61,207,343,196,157,131,89,149,73,147
Q05852,1033,850,1067,1054,823,798,850,788,710,1105
P21471,350,490,615,689,603,664,447,663,600,458
P21469,1856,2354,1973,1801,1439,1069,1344,1420,895,1613
O34522,101,45,103,77,53,144,102,95,193,436
P37535,37,85,80,37,54,57,57,148,74,148
O31751,52,88,91,95,56,84,97,101,105,96
P46899,412,501,450,516,487,431,345,527,593,622
P54419,1419,1838,1345,1434,1248,1209,962,1096,726,1769
P21472,204,285,227,261,185,240,236,287,287,116
C0SP93,430,471,359,384,282,276,206,520,298,326
P26908,431,574,621,647,435,615,467,588,493,426
P42920,1594,1569,2106,1694,1353,1360,916,1118,889,972
O34989,27,,,,29,,,24,,29
P21467,3343,4248,2592,2817,3605,2836,2783,2230,1996,2981
P12877,2809,2909,2089,2413,2537,2211,1907,2337,2285,1176
P39644,555,701,779,662,336,662,168,563,396,285
P46898,1131,1119,1131,1297,959,1234,1280,1301,785,1341
P51831,641,692,879,774,517,941,1028,1144,694,960
P12874,82,109,114,94,125,113,74,213,128,130
P32081,2203,2146,2957,2511,1090,1682,884,1275,749,847
O34667,495,579,593,703,727,682,502,888,597,1104
P21473,861,2062,2125,2322,248,964,825,807,749,2318
P71088,1078,1253,960,992,865,1100,875,924,720,982
P31103,148,157,361,252,327,281,228,237,195,311
P21476,1042,1127,1294,1034,766,845,685,1060,735,1036
P37490,36,89,54,105,60,17,45,54,96,82
Q03223,51,100,265,422,108,352,86,91,57,486
P42921,833,1474,1241,872,1182,1503,1834,1731,1246,580
P37552,1191,663,395,370,344,265,124,184,379,206
A3F3V8,44,93,85,91,15,41,75,199,81,52
P37527,1658,2186,2033,2147,2404,1773,1778,1628,1391,1152
O32090,211,174,230,275,170,220,330,290,240,350
P16336,165,184,132,137,269,228,168,198,113,111
P37812,393,570,485,476,492,591,425,505,300,520
P55873,196,310,588,472,328,814,884,1200,1058,231
O31703,69,51,94,77,75,64,59,41,,
P42299,48,45,105,85,76,63,38,69,21,87
P14192,697,859,1052,827,710,780,412,469,322,837
O34759,23,44,37,55,53,41,51,33,43,54
P37811,131,245,191,180,241,196,176,174,178,181
P54167,126,116,179,186,180,137,135,87,93,109
P19946,431,241,443,552,363,344,385,597,671,825
P54378,697,817,697,601,623,579,466,458,403,770
P05648,148,229,238,320,240,251,216,133,200,615
O31712,107,106,200,103,86,147,82,102,45,36
P21474,907,1069,645,502,659,651,498,553,449,999
P94544,109,197,147,198,163,151,163,231,134,133
P42919,4003,5146,4569,4512,3183,3785,2221,3854,2082,4604
P40750,54,92,171,128,53,167,62,78,158,65
P54478,57,,,,,,,,,
P21470,170,220,415,619,347,386,352,366,250,301
P37580,278,312,179,108,259,218,206,477,242,282
A0A0A1HAY4,1014,1118,1258,1354,714,,1030,1075,537,831
P21477,103,163,115,212,119,180,114,104,56,187
Q45593,150,509,378,510,281,266,143,222,164,248
P16304,726,783,609,574,409,571,440,451,336,423
P37810,179,205,162,111,209,225,143,368,277,515
P39126,4206,5022,4279,4194,2777,4287,3195,3806,2743,3253
P05649,236,467,381,321,152,259,360,262,399,893
P54549,32,29,34,28,31,,33,,30,
P94556,46,,,,64,,28,,,
O34394,79,43,47,28,39,44,68,47,,69
P37809,4195,5473,6253,5586,4713,5265,5072,5230,3792,4383
O31501,1854,1650,1444,1522,1286,1333,827,1038,500,1217
P70970,37,36,,,,,47,45,23,
P21465,2575,2785,1753,1952,1567,1669,1617,1894,1211,2256
P36948,33,,34,,,,,29,,23
P39640,84,52,,,,42,15,47,,49
P37528,623,1057,1198,1214,497,803,558,765,618,979
P05657,130,173,149,220,215,214,173,255,184,124
P12669,82,180,236,103,82,204,105,137,44,105
O05520,17,39,24,,,56,,,,
P37808,1894,1904,2850,2949,1834,2167,2033,1925,1412,1824
O34691,66,34,51,57,80,125,67,64,173,133
O34981,329,490,324,474,565,607,457,588,378,370
O32223,160,390,360,218,145,246,103,256,200,547
P54470,88,183,171,203,210,164,133,136,85,161
P96499,88,113,161,131,79,84,110,153,109,131
P42060,275,595,594,472,267,418,265,333,473,472
P0CI73,362,724,674,647,706,846,670,916,641,774
O34758,32,42,,62,41,69,,42,,
P37814,530,614,449,322,344,379,348,388,341,523
C0SP98,67,80,44,79,115,160,81,105,45,57
P71067,66,120,138,165,125,67,184,122,163,62
P54376,412,491,313,329,268,291,207,222,222,293
O31675,29,34,49,41,42,39,88,44,27,
P37887,1150,1217,1630,1773,1025,1254,1229,1722,1094,2207
O07079,26,63,38,76,67,46,22,29,21,
O34885,104,104,47,174,84,36,92,56,81,24
P94493,15,,,,,,,,,
Q01466,138,135,64,86,89,209,85,49,84,156
O31678,66,85,66,70,30,46,16,67,41,20
P39822,22,,,33,34,56,34,,,
O05272,31,18,20,20,,23,,,,
P23477,54,81,45,33,55,79,44,71,,95
P05306,33,98,,,46,35,28,43,,
P70945,24,143,188,66,128,105,60,51,60,
P54537,87,78,91,127,23,111,52,147,103,81
P42963,88,60,57,212,29,104,45,74,121,356
P94392,23,55,47,69,88,95,55,,41,
O32117,66,124,143,73,150,71,49,77,69,170
P96715,20,,,,,,,,,
P39633,88,76,222,135,94,179,100,64,90,
P32393,31,53,86,,50,28,,45,,
O32233,14,46,43,38,55,46,19,43,15,25
O07597,208,287,444,322,276,367,218,223,216,323
P39575,25,190,142,201,120,111,49,230,78,233
P28612,148,84,111,115,175,103,45,76,84,191
P09122,98,66,157,183,126,62,70,74,27,93
P21478,50,92,77,74,61,87,92,102,70,120
P39641,101,216,281,124,135,170,161,165,134,257
P42239,20,,171,94,87,82,,101,165,
O31616,52,174,157,266,577,411,541,244,102,835
P54563,88,,,35,54,,,,,69
O35019,166,590,348,503,412,413,352,337,166,340
P39821,181,321,512,333,402,509,364,462,331,1078
C0SPB4,56,122,148,214,106,206,128,118,81,113
O31570,267,433,632,589,557,350,340,493,413,385
P54377,376,359,469,476,379,422,343,393,135,415
P71038,74,102,83,110,77,74,61,24,61,
O07587,52,96,104,104,229,178,70,146,119,188
Q795Q5,88,116,,100,32,32,,30,,
O34476,73,123,104,93,106,78,54,121,,227
P20166,1009,1540,1144,1123,1099,1031,1147,1038,708,898
O34512,94,92,134,70,121,154,79,72,63,103
P29726,1163,1569,1543,1345,1647,1598,1432,1708,1296,2087
O07575,67,,63,61,,48,50,,,
A0A0A1HAY0,23,,,,,,,27,,
P40735,240,49,102,180,101,136,143,76,165,15
O31852,135,44,79,65,71,101,68,108,35,76
P94592,46,138,149,139,206,223,124,124,110,108
P54522,40,108,122,94,128,86,51,,34,126
P94388,137,158,154,281,63,227,286,178,260,163
O32119,76,325,61,71,59,49,42,54,38,17
O34348,445,486,408,218,375,349,344,356,372,496
C0SP94,154,205,186,172,181,169,209,357,299,394
P46208,778,1509,1282,1197,811,1334,737,832,510,948
P42106,77,126,80,33,55,20,157,73,66,204
Q04797,1620,2101,2715,3225,1716,2046,1247,2311,1606,3629
P39911,39,,74,54,66,39,55,73,56,78
O31562,125,153,251,95,164,145,201,66,125,104
P80870,524,526,535,583,476,405,297,850,1047,777
P45913,785,1035,1123,902,1170,1008,675,563,434,655
P39158,219,150,112,167,57,124,59,125,118,51
O34618,29,40,38,37,54,27,37,36,34,46
P23715,150,201,227,176,128,219,281,302,340,626
P96692,40,30,53,63,106,23,,32,112,39
P54473,81,75,91,145,112,115,76,178,71,120
O07020,74,45,82,117,75,165,56,82,95,115
O35006,289,181,274,341,247,345,434,444,416,368
P26907,135,106,43,58,63,59,69,273,266,375
O34876,130,106,147,92,83,94,96,117,87,95
O31778,166,168,213,177,191,144,202,140,188,234
P39759,54,53,51,57,59,131,,,,
O31684,217,124,46,164,151,91,75,92,49,
P94512,203,659,538,368,198,319,316,367,486,639
P42971,155,140,208,196,261,250,216,233,133,270
P39765,151,116,164,153,106,119,73,181,175,109
P39578,128,90,160,239,118,120,133,152,137,292
P53001,1751,2314,3159,2620,2104,3104,1940,2519,1792,3723
P54482,140,219,343,451,468,256,212,234,108,194
P16524,128,143,158,147,134,184,206,226,318,302
P54162,15,,,,,,24,,,
P50619,49,52,100,71,46,,53,22,51,
O34344,25,,77,29,31,43,49,56,31,109
O07523,36,24,130,55,62,61,127,129,64,59
O31638,155,142,90,99,145,111,94,62,,
O34563,170,44,,15,70,,26,35,,
O31500,36,174,38,39,71,86,38,38,44,69
P50829,83,400,295,230,202,85,186,176,112,122
O32044,140,,44,,95,55,38,156,181,217
P17894,85,215,131,191,111,79,68,110,63,42
O05269,79,67,87,68,110,47,55,123,122,228
O34358,44,124,145,148,79,64,40,99,59,78
O34866,120,166,62,115,79,140,121,61,94,123
P23452,205,172,291,170,205,189,96,105,78,
P94360,45,,222,129,108,95,82,36,33,22
P11065,67,102,32,44,66,79,90,77,177,89
O34762,70,72,76,115,51,153,64,133,92,
P54521,30,34,84,74,84,68,43,33,69,80
O32294,66,,130,106,44,85,79,90,58,
O31571,356,484,402,488,216,551,266,383,251,410
C0SP89,74,98,73,76,36,108,45,101,46,24
P70976,92,,40,66,43,,,,,
O31576,85,38,117,149,99,36,51,65,74,222
O05236,64,75,120,37,105,87,32,100,75,56
O32245,119,234,96,70,,81,,77,49,102
C0H405,55,,,,19,53,,,35,
O34442,56,139,165,226,146,80,127,197,130,456
P39148,1877,1933,2035,2090,2018,2335,1920,2683,1669,2156
O31619,133,107,162,120,98,130,105,106,69,165
P06574,44,244,40,73,77,64,49,41,43,107
O31856,32,,56,91,67,85,47,80,49,70
P13799,112,137,118,130,72,114,111,102,52,134
P39751,99,175,247,185,224,211,209,460,326,269
O34651,264,315,534,435,437,399,410,418,324,447
P13714,242,300,195,220,274,187,225,137,152,268
O35022,782,614,885,517,211,418,149,417,296,544
O34683,291,579,279,214,167,195,198,297,130,795
O32129,122,433,209,245,248,160,215,165,122,170
O34912,312,456,426,442,378,361,322,329,196,449
Q04795,364,318,501,549,512,475,283,328,315,534
Q795M6,99,153,203,220,67,205,92,179,127,251
O31664,130,115,198,114,152,155,263,171,92,158
O31745,41,94,65,50,76,46,32,36,41,88
O34948,708,684,1051,1574,834,870,710,1277,627,1270
O31935,19,22,20,15,15,,18,16,14,16
P36838,187,309,247,378,100,286,140,229,236,478
P39807,71,55,,36,30,50,,36,45,75
O32167,1990,2475,1675,2065,1491,1552,2452,2633,2798,2852
O34894,356,500,270,261,276,388,302,308,231,226
O34768,159,203,137,138,93,134,44,124,73,95
P54552,29,41,29,58,46,58,52,108,58,
A3F3G2,101,148,115,120,118,107,117,196,101,120
P80862,232,273,438,504,442,529,448,673,442,330
Q9KWU4,5391,6260,5969,6315,5295,5921,6397,7696,5101,5599
O07081,47,64,58,63,59,46,55,44,41,73
O05251,18,98,,28,,18,,,,
O31838,57,,81,31,44,27,,27,,
P54945,20,,,,,,19,17,16,
O34669,26,,,,,,,,48,120
P53554,125,408,377,305,129,333,164,362,927,518
P54952,153,286,99,260,95,90,256,232,116,406
O31784,76,253,67,,48,18,140,38,31,
Q45068,111,171,286,291,102,204,251,215,243,423
P39771,284,391,448,405,490,288,298,319,366,331
P26497,93,245,123,142,116,142,149,232,179,135
P46327,145,157,136,266,307,207,123,155,50,111
C0SP82,46,161,265,279,242,216,156,171,91,134
O35025,111,148,241,157,145,96,128,102,56,63
O31639,152,60,115,266,40,95,84,81,38,52
P96622,30,,44,94,32,,,149,62,71
O06967,92,83,126,124,125,73,126,60,68,80
P51834,55,93,174,113,68,62,86,93,69,78
P39766,21,76,59,35,,52,,,51,96
O34896,18,,,,,,,,,
O07576,76,77,98,146,155,137,91,91,61,80
P54941,213,267,190,225,164,205,214,227,188,296
P39216,250,300,429,333,304,528,587,743,407,397
P45914,60,113,100,37,54,59,58,66,61,72
P96590,24,,,,,,,,,
O32243,170,216,373,176,295,200,179,165,185,162
O34635,56,46,36,16,,71,72,49,,14
P20691,167,292,373,293,434,411,291,278,325,331
P42086,95,66,113,41,59,84,61,84,57,122
P54425,67,,98,,71,20,170,60,78,92
P13267,280,176,456,426,415,318,350,236,112,69
O34459,271,167,266,335,270,358,237,353,297,377
P54950,40,48,55,98,76,152,41,93,52,278
O31457,173,239,287,317,225,220,243,215,171,276
O31779,28,77,14,,,18,,21,,
P39820,162,281,238,186,147,167,90,128,144,27
P37494,161,228,285,195,229,202,199,225,170,240
A3F3H0,246,277,469,158,246,197,232,300,309,596
A3F3H2,646,814,792,1025,626,832,693,1080,882,1073
P28820,38,94,231,199,141,155,190,117,58,213
O31724,268,559,387,389,247,233,397,297,226,538
P55908,22,32,49,29,61,86,41,17,54,137
P12425,1877,2880,4389,6057,5518,5239,6005,6686,3280,6176
P42061,36,23,18,17,,,35,,,
Q45598,171,690,378,541,313,293,299,221,158,216
P29252,21,,40,52,41,82,65,117,31,69
P19582,1445,1995,1971,1526,1232,1647,1408,1580,1122,1310
O34911,142,254,156,56,51,88,60,151,50,170
P49849,37,75,132,80,42,41,92,170,,85
P50620,185,383,537,446,446,270,184,322,214,367
P12047,1393,2340,1942,2324,2587,2311,2452,3081,2282,2947
O34782,160,75,108,121,192,197,159,239,104,259
P26904,18,,,27,,,39,38,,
P40396,89,122,94,122,132,98,94,68,85,
O34641,110,,,20,31,,138,159,,84
O32034,96,89,133,112,47,85,78,95,138,112
P23129,1689,2389,2728,3206,2605,2872,2225,2608,1561,2450
P25983,48,58,93,91,62,140,98,150,287,126
P13800,768,862,1069,1259,745,991,468,788,504,742
P94363,21,,,,,,,,,
P96667,37,133,122,102,45,39,114,62,113,98
C0SPA7,31,96,143,100,130,82,114,58,20,141
O34809,40,43,92,145,103,146,68,92,56,159
P33189,63,162,122,71,101,99,101,67,96,75
P37524,51,185,157,165,81,136,76,170,133,114
P25812,155,179,273,353,271,352,156,308,141,224
P94474,104,70,129,220,207,165,148,80,66,27
Q797B3,140,46,108,424,,23,73,134,46,232
O34565,121,116,302,561,273,465,324,347,298,249
Q05470,57,88,119,92,44,104,113,104,54,79
P68573,121,,470,,,207,59,,,
O07615,37,27,88,49,38,50,28,71,34,93
P80875,721,630,768,743,794,729,628,857,578,559
P39062,245,750,674,789,578,666,610,643,326,496
P28611,103,218,198,139,172,93,126,149,70,177
P39597,26,27,28,25,28,27,,49,,62
P51785,2480,3722,3318,3229,2675,2912,2671,3530,2489,3501
O07636,83,58,91,43,150,61,80,77,90,123
O31463,41,55,59,72,43,63,55,59,24,44
P35136,3674,3673,4879,4174,4140,4610,3935,5495,4083,4948
O34542,53,69,47,56,80,52,120,46,,23
P39810,114,235,263,441,211,132,163,218,117,150
A3F3H1,225,257,541,542,310,566,354,516,561,439
Q45462,100,61,71,75,69,,51,34,34,
P14951,21,21,20,19,,17,,,56,16
O34738,34,92,90,102,126,247,283,154,154,65
P54565,115,24,68,61,67,40,25,95,,179
O31661,58,269,142,115,106,134,148,153,45,63
A3F3G7,63,96,147,107,128,89,214,289,234,150
P46918,67,187,118,172,191,119,131,126,71,102
O32168,49,77,55,,,23,,78,37,50
P37954,46,73,41,43,38,106,38,70,,24
O32169,564,684,460,400,458,470,500,740,462,956
P94589,29,,29,28,,,31,,32,
O07585,235,290,252,189,233,195,197,206,200,104
P40806,24,107,97,107,104,156,83,101,63,129
P53555,236,629,955,891,1213,904,328,731,460,1191
P54617,679,714,952,1037,464,540,483,616,503,331
O07600,466,581,586,719,651,831,623,682,430,394
P94420,58,51,84,85,63,101,84,45,115,
Q07836,215,233,170,163,365,261,148,166,204,240
Q03224,141,227,249,276,170,200,167,140,189,330
P17904,48,107,174,264,218,376,178,188,180,527
P39639,92,290,248,288,344,176,74,78,157,126
P39739,69,60,132,115,83,75,49,64,19,
O31710,370,586,597,657,409,509,368,405,229,323
P24502,58,22,45,,,,,16,,
O05252,1215,1239,1338,1259,809,793,712,575,515,485
A3F3G8,175,197,166,139,171,100,91,162,115,68
O07567,48,34,24,17,26,51,28,15,,
O34727,160,365,181,236,253,192,266,377,249,250
O31911,36,32,,,,45,37,,,
A3F3G3,263,180,312,353,357,380,414,481,306,715
P50863,334,431,654,607,625,474,537,469,360,637
P24072,355,894,581,561,354,428,309,253,263,413
P96688,34,76,59,70,76,122,177,107,53,
O32000,15,,18,,,,,,,
P49814,2411,2617,2652,3221,2102,2783,2824,5111,2943,2029
P94421,620,773,1075,821,704,719,714,690,493,738
P08065,1207,1871,1600,1729,1634,1681,1418,1662,1212,1060
P37519,24,25,20,,30,18,23,25,29,20
O34469,52,114,106,78,126,105,49,98,45,62
P54983,167,329,301,248,279,235,221,208,278,322
Q45600,335,670,617,588,534,528,403,458,266,430
P24501,62,,22,52,67,,,,,
P54955,127,64,112,122,86,95,78,52,56,114
P06628,81,96,94,87,67,84,108,56,50,93
P35536,28,,,,,,,,,
A3F3H3,35,,64,36,79,110,85,33,52,176
P54390,27,104,210,142,113,169,164,116,57,203
O32102,48,80,71,71,57,69,54,67,49,
P39120,2148,2576,2515,2674,2775,2310,2272,2291,1817,2389
O31728,158,149,76,65,95,66,94,108,141,43
P71021,568,726,1010,811,626,676,475,724,486,766
O32153,41,120,141,166,125,178,133,66,64,28
Q02114,706,1171,1411,1363,998,907,799,1130,887,677
Q5BU39,21,19,16,,,,,,,
P68729,85,178,127,185,156,189,224,216,193,320
P42113,74,154,243,180,166,110,89,66,99,145
P50621,214,346,338,322,327,217,362,212,192,
P35166,31,,49,28,21,30,,36,40,
O07619,99,115,25,58,37,63,83,41,86,
P46325,338,337,391,307,245,360,239,318,241,198
O06478,750,1075,1350,1507,777,1032,885,955,632,1187
O34632,138,121,192,206,125,173,87,109,84,163
P71002,133,183,262,240,257,241,207,243,114,189
O34680,41,,55,37,57,62,75,,,
O34384,347,546,594,527,405,393,361,347,357,300
O07598,252,361,174,296,307,207,156,,243,649
P54447,24,102,58,,,,80,60,44,
P08874,133,207,268,249,242,321,204,279,414,597
P39847,159,441,399,249,294,250,294,206,243,197
O31723,51,193,226,113,156,253,119,178,70,418
P37958,34,16,54,68,62,51,80,39,29,80
P39595,97,127,65,78,105,65,47,44,34,123
P42240,43,,,,,,,,,
P70965,221,238,268,264,450,399,468,495,380,652
P54173,134,123,,54,45,77,149,182,133,106
P25972,421,759,920,286,928,639,561,527,694,2396
O05257,17,,,,,,,,,
P16971,753,956,973,523,480,498,533,809,608,1505
P54455,22,,,,,,,,,
O32082,54,53,87,27,48,,,48,32,
P49850,38,51,35,49,73,34,46,68,37,
P12048,3039,4639,4308,3175,3426,3474,3686,4857,3831,6502
F2ZA66,17,101,,,,,,,,
P46324,67,200,175,282,83,222,105,48,148,237
P25955,78,124,121,61,18,23,55,35,24,
O34703,280,235,112,156,154,125,228,140,92,55
P68571,31,26,,37,23,23,21,21,,
P04948,136,312,342,297,141,259,225,201,85,675
P17731,151,71,,,,,,,,150
P39581,102,223,527,472,424,413,208,373,314,569
P25995,420,442,760,961,489,792,411,516,784,1899
P24073,283,484,488,406,456,472,472,332,194,215
P45743,468,607,662,683,657,535,451,496,508,659
P16263,1337,1611,1694,1802,1481,1640,1182,1312,832,1630
O32023,160,186,244,189,205,180,170,119,107,114
P40409,86,147,666,181,307,180,112,56,75,245
O34520,123,71,161,264,129,184,105,169,202,128
P24011,34,53,38,99,85,90,88,54,31,31
C0H3Y9,27,19,19,20,19,17,14,,,14
P53559,117,283,254,296,122,236,127,124,98,69
A3F3G9,274,621,612,479,414,527,462,283,371,768
P25996,100,97,45,97,71,47,76,119,33,212
O34992,602,1120,1361,1315,896,1148,822,906,697,858
P08066,76,127,366,476,311,216,136,257,552,812
O32156,57,97,63,112,63,27,53,71,70,54
Q45460,206,329,205,248,258,268,285,303,188,149
P80886,3969,4451,4704,4118,3050,3837,2469,2312,1837,3396
P12045,303,861,748,717,294,615,618,470,442,969
P75030,17,,24,27,45,,30,17,34,32
P23479,101,106,81,68,116,97,96,112,138,75
O31847,38,56,92,34,78,,54,124,54,
P28368,353,342,614,448,497,457,315,415,282,465
O34930,33,105,147,177,154,196,158,191,116,207
O32214,2083,3059,2496,2291,1825,2083,1835,2419,1718,2965
O31782,20,73,28,,,36,49,45,33,29
O31452,33,,43,52,,,48,61,47,
O31827,89,218,379,344,201,239,195,275,114,216
P40871,412,597,912,743,680,839,961,805,388,1061
P25971,149,150,298,460,264,526,282,488,536,334
C0SP85,820,631,1075,508,656,939,452,432,316,523
O31818,28,83,41,70,42,59,79,44,72,60
O31709,275,424,328,218,290,117,137,129,99,126
P54420,1035,1396,1296,1114,1175,1021,1265,985,759,1406
O31502,15,15,217,165,40,168,33,24,,136
P80241,103,143,55,54,37,78,102,147,95,211
P20668,41,35,39,52,55,42,51,77,29,
P16655,66,781,193,165,26,113,47,19,,
P94356,1071,1126,1225,1061,674,845,611,999,650,647
P35165,67,28,21,75,133,120,73,31,55,
O31567,651,1068,931,677,794,863,963,1213,1072,1706
P40872,31,58,120,199,125,114,91,33,55,
P94517,86,59,104,59,68,34,61,64,53,107
O32239,106,130,121,115,99,83,85,156,30,159
O31665,87,289,274,350,137,242,178,145,189,262
O34789,328,609,542,543,463,481,484,499,384,191
P12041,131,96,411,332,340,395,254,191,140,454
Q07833,1715,1969,2388,2289,1878,1917,1623,2113,1471,1902
P09339,4274,4573,4513,4759,4261,5240,4019,4549,4118,5017
O32247,665,645,845,654,620,616,709,808,461,476
O07532,60,47,122,90,64,105,115,134,147,84
O35007,319,342,317,324,226,192,179,189,114,274
O32213,909,1507,1533,1461,1264,1335,1307,1279,1293,1761
P37599,668,799,922,1135,918,755,689,824,630,422
O08455,16,,67,,24,,28,20,17,
P42319,1939,1820,2202,1836,1728,1532,1295,1607,1356,3168
Q45599,34,67,69,77,62,23,,73,81,
P80865,1408,1179,1402,1434,1572,1057,808,1556,853,1446
P81100,293,249,226,407,233,377,237,311,207,364
P17869,158,136,53,84,26,114,105,47,46,180
P14204,134,113,106,251,65,152,86,207,74,15
P54484,134,160,216,229,189,198,110,265,121,247
O07021,423,709,1012,752,554,709,660,544,654,858
P39816,49,97,122,70,118,121,79,94,115,88
O34745,206,269,273,385,358,257,339,354,268,174
P45745,622,1072,867,977,840,1217,1079,798,660,1369
P36843,173,222,409,425,469,462,271,572,432,431
P39808,27,,68,,48,35,,23,,
P42065,101,247,247,210,241,127,246,183,180,136
P35620,76,115,112,97,197,140,149,111,53,49
P42064,172,173,92,111,156,176,146,162,125,72
P94568,58,155,70,71,215,150,243,119,137,358
O34577,421,729,1032,1032,752,978,494,532,495,1347
P39217,346,374,486,443,335,421,350,328,239,205
P37504,17,,,,,,,21,,
Q02113,328,697,583,408,326,597,359,552,511,802
P36839,235,514,496,570,504,481,406,680,555,495
O34815,91,142,172,165,206,167,137,222,257,245
O34538,758,893,726,612,711,555,654,491,475,969
O34841,142,140,156,197,112,325,271,293,343,201
P08495,740,899,884,1148,1343,1399,1300,1156,679,776
P50735,868,1091,874,1044,605,866,891,627,440,1339
P12044,218,195,565,614,486,527,430,500,618,730
P37541,100,75,86,115,90,100,79,128,77,58
Q45595,134,98,146,82,127,171,160,146,57,91
P12043,938,1046,1796,1435,552,1220,820,1600,1115,1692
P37957,71,87,84,67,58,56,49,69,43,63
O06745,404,580,873,824,1073,1018,878,927,555,1007
O34375,77,77,127,113,61,15,84,55,33,
O34756,18,,,,,,,,15,
P54556,19,,,20,,,24,,,
P42405,98,70,99,73,63,82,80,85,122,
O34722,430,312,590,794,492,408,406,556,416,180
P23449,27,,84,42,65,77,45,,52,
O34704,69,290,239,259,190,281,201,207,78,90
O34764,815,1565,2096,1964,1328,1904,1420,1660,1442,2668
O07621,954,1687,1709,1485,1330,1264,874,889,812,808
P37469,45,49,66,58,70,64,64,44,47,136
O34858,429,673,602,671,384,549,477,532,330,645
Q05522,88,126,231,111,85,247,23,76,34,83
P12039,1291,1453,1754,1465,1320,1833,1564,2076,1538,1884
O35005,130,108,100,135,99,89,66,83,62,125
P25052,1120,1194,2274,2274,1012,2294,900,1440,690,1658
P39063,18,,,,,,,,,
O06477,486,655,988,779,441,377,465,441,605,414
P40768,29,133,,24,19,35,34,25,15,
O31697,24,38,30,22,49,42,38,34,30,51
P39596,281,360,271,272,247,385,432,446,393,647
P29072,628,1863,704,793,722,1129,911,724,385,481
O31669,567,1248,806,797,976,930,1044,1679,984,1308
Q08788,385,524,1087,627,1217,822,609,625,696,700
P12046,506,469,913,715,932,739,675,952,880,1014
Q45675,27608,43064,35631,34610,23078,30220,32134,39580,32567,32199
P04990,1714,1917,2458,2477,2878,2942,2727,3035,1851,3718
Q45549,19,19,14,,48,32,73,18,34,29
O32259,308,460,726,375,388,498,301,420,309,607
P42085,206,239,327,314,278,448,290,418,338,319
P45707,37,28,,,,,,,,
P39846,51,211,97,82,130,82,87,47,39,64
P28819,120,219,326,274,122,164,147,163,125,299
O35004,76,162,109,93,121,82,84,138,71,48
P42318,1030,2058,2013,1582,2077,1847,1198,1962,1537,3242
P27623,48,89,241,193,91,142,49,146,64,82
O34589,153,96,118,220,140,125,107,105,66,50
O31617,107,118,114,119,104,114,99,61,86,115
O35044,20,,24,,,21,17,,,
O31666,236,467,464,546,394,340,405,412,428,1333
P94417,178,188,270,269,278,251,214,272,341,231
O31663,1352,2047,2948,2894,1919,3206,2630,2839,2042,4983
P39576,646,627,885,766,728,873,692,1094,805,1228
P39214,633,602,826,545,519,691,667,948,500,695
P25993,554,1130,881,862,995,797,839,798,688,1247
P39209,148,135,197,205,151,146,201,151,130,125
Q02112,71,93,28,68,73,53,55,48,38,50
P25053,136,312,338,271,373,272,292,309,69,274
O32022,232,364,212,222,174,186,294,162,171,198
O06752,15,,,,,,,,,20
P39912,2134,2554,2263,2033,2608,2671,2061,2567,1913,3590
P54421,40,80,43,71,70,112,65,93,104,106
O34833,685,778,775,744,808,695,590,576,291,397
P54423,1198,1399,1293,1680,825,1102,926,1312,959,967
P54576,696,1065,1209,1088,1113,777,806,1069,777,711
P39215,1586,1810,2113,1642,984,1364,1227,1616,1158,992
P23454,39,72,82,56,162,77,81,62,57,47
P40404,39,40,40,32,20,49,71,27,,
O34889,125,149,174,143,160,145,102,132,106,109
A8HU21,24,117,288,289,128,154,257,108,397,952
P23453,121,189,204,222,202,118,366,98,57,57
P23448,138,310,224,172,262,151,142,167,193,154
P80861,1409,1652,2912,2616,1480,2114,1450,2095,1699,2433
P05645,1522,2276,2161,1683,1529,1610,1498,2099,1718,2099
P28264,272,219,250,210,189,137,73,151,62,72
P39752,52,,104,121,22,,23,26,54,43
P39845,128,298,488,316,474,236,432,267,184,171
A3F3G4,195,334,395,353,343,374,358,269,278,354
P94498,73,203,315,343,256,367,398,479,276,802
A3F3G5,426,814,703,1064,897,909,718,678,433,1198
O34347,637,1058,1206,1064,750,1177,1159,1509,1178,1947
O32101,35,77,217,205,161,145,106,151,101,173
P00497,933,1016,1484,1701,1207,1175,825,1426,764,2033
O06714,39,132,144,120,138,113,96,91,72,92
P37946,386,551,445,641,393,455,318,604,352,512
P32399,22,,51,42,55,33,100,69,32,55
O31662,395,700,552,376,701,508,464,530,735,649
P42062,39,30,72,98,40,49,96,88,63,49
P80858,424,1213,1191,930,980,1801,1216,1229,472,1147
Q9KWZ1,531,596,512,428,419,428,337,478,463,996
O34939,139,128,150,196,186,132,136,224,83,128
P32732,78,74,73,65,99,27,70,65,15,27
O31631,774,1380,1394,1474,1089,1060,1158,1467,1070,1106
P28015,1138,1268,952,1032,1390,972,721,850,523,698
P25994,1737,2035,2529,2573,3109,3104,2714,3193,3164,3576
P45861,85,181,126,37,132,102,111,105,75,55
P39666,386,549,655,619,750,634,552,944,723,548
P18185,323,469,870,863,658,782,461,619,499,1573
O31618,937,966,1170,1014,955,1103,1153,1660,1059,1171
O34399,419,769,945,896,772,1027,649,818,625,679
O31667,89,35,37,102,58,79,32,51,93,563
P12049,734,1154,1232,1561,748,1096,593,686,339,1541
O34774,91,166,211,115,127,135,77,71,60,51
Q08787,5111,6611,7972,7435,5354,6223,5053,4587,3522,4065
O34434,138,199,61,141,137,128,129,92,67,82
P18186,494,494,454,544,706,610,600,722,1119,690
O32144,18,,,,,,,,,
P94459,128,287,424,413,351,237,328,291,254,148
P94565,1817,2458,2360,2459,2157,2486,2137,2409,1601,2251
P39812,3731,5498,5485,5320,4041,5332,5110,4542,4200,6144
O32157,299,345,566,422,424,568,541,389,359,283
O05413,52,69,74,103,38,80,47,61,58,
P23447,302,404,449,326,372,301,282,329,264,251
P53558,250,242,411,361,394,258,362,283,259,213
O31620,1109,1735,1392,1303,839,849,987,1167,1095,1277
O31787,29,26,22,32,,47,34,20,,41
P45740,4520,5333,5905,4919,4381,4913,3765,4542,4013,6766
P42063,41,36,81,57,96,54,65,39,26,
P27206,18404,24656,23295,22985,17304,20924,19476,16736,13914,15720
P39738,132,133,266,264,254,218,239,242,93,220
O34633,1022,1777,651,810,693,392,455,535,611,1123
O34861,100,147,139,123,114,78,121,184,106,176
P39802,213,115,109,190,215,202,205,153,133,149
P42245,30,,,19,,,,33,,
O07605,237,454,390,488,173,266,207,135,289,349
P53557,422,495,590,804,775,986,466,668,514,715
P45931,22,18,,14,17,,,15,,26
P17865,865,1011,884,804,731,870,635,1247,898,1143
O34857,125,163,127,152,163,181,177,207,84,199
P37251,857,1013,1101,1273,1019,1191,963,1061,1192,1754
O32188,75,106,145,102,98,58,142,100,62,115
P53556,143,163,186,234,190,196,183,114,108,140
P45742,26,29,,,,,,26,34,
P12042,3294,4536,5311,5831,3127,4110,3124,3489,2125,5663
O07521,64,281,405,421,322,314,192,230,192,200
O05253,33,119,111,180,140,104,131,109,113,64
P23446,1060,1290,1401,1344,1240,1232,884,909,631,876
O32014,14,,,,,,,,,
O31437,97,,27,67,33,55,40,36,68,16
P37253,5986,7486,7730,7059,4393,6012,4814,6130,4362,7002
P39630,27,,,,,,,,,
P80877,4054,4612,5979,5515,5038,5681,5029,6970,6462,7270
O31668,94,162,85,69,87,138,78,136,227,193
P45744,427,401,688,846,706,595,467,487,397,902
O34366,1828,1560,1520,1268,1469,1244,930,880,705,1832
P54159,77,116,144,99,161,90,141,153,79,76
O31632,938,1317,1105,909,589,990,778,1001,738,2271
P37252,177,227,203,434,182,106,235,330,226,188
O31611,28,88,125,57,200,76,33,242,25,74
P54523,31,276,301,236,72,201,240,280,88,377
P54471,77,71,73,,28,46,78,69,,118
P02968,18145,17233,26208,22214,19245,19762,15127,19365,12016,19200
Q04747,13275,22076,22762,21038,20770,18541,14533,13476,7187,9781
O05254,25,19,,,,,,,,
O07591,42,42,36,49,44,86,,,44,43
P39740,51,75,89,81,53,81,75,84,,
P96501,135,158,79,83,106,72,88,103,183,67
C0SPB1,17,49,62,75,83,111,,32,79,41
P94583,31,32,32,,33,,,,,
O32265,34,,,,,14,,,,
O34864,35,29,27,24,48,56,69,65,59,34
O34772,23,37,34,23,27,,,,,
A3F3D2,35,,,,,,,,,
P54480,32,105,,131,,36,58,25,19,28
O34362,48,209,216,176,118,254,96,205,169,256
O34709,30,63,65,24,26,61,66,102,24,24
P54723,21,,,,,,,,,
A3F3G6,34,209,70,89,46,51,42,58,55,247
P71040,21,,,,22,,28,,,
O31752,17,,,,,,,,,
P39588,24,,,,,24,,33,,
P39753,29,69,37,34,40,51,,65,25,
P54459,40,31,24,26,32,23,,,21,27
O31461,65,109,174,99,188,144,122,326,286,188
P54462,38,121,180,138,96,163,99,73,102,224
,,,,,,,,,,
,,,,,,,,,,
,,,,,,,,,,
,,,,,,,,,,
,,,,,,,,,,
,,,,,,,,,,
,,,,,,,,,,
,,,,,,,,,,
,,,,,,,,,,
,,,,,,,,,,
,,,,,,,,,,
,,,,,,,,,,
,,,,,,,,,,
,,,,,,,,,,
,,,,,,,,,,
,,,,,,,,,,
,,,,,,,,,,
,,,,,,,,,,
,,,,,,,,,,
,,,,,,,,,,
,,,,,,,,,,
,,,,,,,,,,
,,,,,,,,,,
,,,,,,,,,,
,,,,,,,,,,
,,,,,,,,,,
,,,,,,,,,,
,,,,,,,,,,
,,,,,,,,,,
,,,,,,,,,,
,,,,,,,,,,
,,,,,,,,,,
,,,,,,,,,,
,,,,,,,,,,
,,,,,,,,,,
,,,,,,,,,,
,,,,,,,,,,
,,,,,,,,,,
,,,,,,,,,,
,,,,,,,,,,
,,,,,,,,,,
,,,,,,,,,,
,,,,,,,,,,
,,,,,,,,,,
,,,,,,,,,,
,,,,,,,,,,
,,,,,,,,,,
,,,,,,,,,,
,,,,,,,,,,
,,,,,,,,,,
,,,,,,,,,,
,,,,,,,,,,
,,,,,,,,,,
,,,,,,,,,,
,,,,,,,,,,
,,,,,,,,,,
,,,,,,,,,,
,,,,,,,,,,
,,,,,,,,,,
,,,,,,,,,,
,,,,,,,,,,
,,,,,,,,,,
,,,,,,,,,,
,,,,,,,,,,
,,,,,,,,,,
,,,,,,,,,,
,,,,,,,,,,
,,,,,,,,,,
,,,,,,,,,,
,,,,,,,,,,
,,,,,,,,,,
,,,,,,,,,,
,,,,,,,,,,
,,,,,,,,,,
,,,,,,,,,,
,,,,,,,,,,
,,,,,,,,,,
,,,,,,,,,,
,,,,,,,,,,
,,,,,,,,,,
,,,,,,,,,,
,,,,,,,,,,
,,,,,,,,,,
,,,,,,,,,,
,,,,,,,,,,
,,,,,,,,,,
,,,,,,,,,,
,,,,,,,,,,
,,,,,,,,,,
,,,,,,,,,,
,,,,,,,,,,
,,,,,,,,,,
,,,,,,,,,,
,,,,,,,,,,
,,,,,,,,,,
,,,,,,,,,,
,,,,,,,,,,
,,,,,,,,,,
,,,,,,,,,,
,,,,,,,,,,
,,,,,,,,,,
,,,,,,,,,,
,,,,,,,,,,
,,,,,,,,,,
,,,,,,,,,,
,,,,,,,,,,
,,,,,,,,,,
,,,,,,,,,,
,,,,,,,,,,
,,,,,,,,,,
,,,,,,,,,,
,,,,,,,,,,
,,,,,,,,,,
,,,,,,,,,,
,,,,,,,,,,
,,,,,,,,,,
,,,,,,,,,,
,,,,,,,,,,
,,,,,,,,,,
,,,,,,,,,,
,,,,,,,,,,
,,,,,,,,,,
,,,,,,,,,,
,,,,,,,,,,
,,,,,,,,,,
,,,,,,,,,,
,,,,,,,,,,
,,,,,,,,,,
,,,,,,,,,,
,,,,,,,,,,
,,,,,,,,,,
,,,,,,,,,,
,,,,,,,,,,
,,,,,,,,,,
,,,,,,,,,,
,,,,,,,,,,
,,,,,,,,,,
,,,,,,,,,,
,,,,,,,,,,
,,,,,,,,,,
,,,,,,,,,,
,,,,,,,,,,
,,,,,,,,,,
,,,,,,,,,,
,,,,,,,,,,
,,,,,,,,,,
,,,,,,,,,,
,,,,,,,,,,
,,,,,,,,,,
,,,,,,,,,,
,,,,,,,,,,
,,,,,,,,,,
,,,,,,,,,,
,,,,,,,,,,
,,,,,,,,,,
,,,,,,,,,,
,,,,,,,,,,
,,,,,,,,,,
,,,,,,,,,,
,,,,,,,,,,
,,,,,,,,,,
,,,,,,,,,,
,,,,,,,,,,
,,,,,,,,,,
,,,,,,,,,,
,,,,,,,,,,
,,,,,,,,,,
,,,,,,,,,,
,,,,,,,,,,
,,,,,,,,,,
,,,,,,,,,,
,,,,,,,,,,
,,,,,,,,,,
,,,,,,,,,,
,,,,,,,,,,
,,,,,,,,,,
,,,,,,,,,,
,,,,,,,,,,
,,,,,,,,,,
,,,,,,,,,,
,,,,,,,,,,
,,,,,,,,,,
,,,,,,,,,,
,,,,,,,,,,
,,,,,,,,,,
,,,,,,,,,,
,,,,,,,,,,
,,,,,,,,,,
,,,,,,,,,,
,,,,,,,,,,
,,,,,,,,,,
,,,,,,,,,,
,,,,,,,,,,
,,,,,,,,,,
,,,,,,,,,,
,,,,,,,,,,
,,,,,,,,,,
,,,,,,,,,,
,,,,,,,,,,
,,,,,,,,,,
,,,,,,,,,,
,,,,,,,,,,
,,,,,,,,,,
,,,,,,,,,,
,,,,,,,,,,
,,,,,,,,,,
,,,,,,,,,,
,,,,,,,,,,
,,,,,,,,,,
,,,,,,,,,,
,,,,,,,,,,
,,,,,,,,,,
,,,,,,,,,,
,,,,,,,,,,
,,,,,,,,,,
,,,,,,,,,,
,,,,,,,,,,
,,,,,,,,,,
,,,,,,,,,,
,,,,,,,,,,
,,,,,,,,,,
,,,,,,,,,,
,,,,,,,,,,
,,,,,,,,,,
,,,,,,,,,,
,,,,,,,,,,
,,,,,,,,,,
,,,,,,,,,,
,,,,,,,,,,
,,,,,,,,,,
,,,,,,,,,,
,,,,,,,,,,
,,,,,,,,,,
,,,,,,,,,,
,,,,,,,,,,
,,,,,,,,,,
,,,,,,,,,,
,,,,,,,,,,
,,,,,,,,,,
,,,,,,,,,,
,,,,,,,,,,
,,,,,,,,,,
,,,,,,,,,,
,,,,,,,,,,
,,,,,,,,,,
,,,,,,,,,,
,,,,,,,,,,
,,,,,,,,,,
,,,,,,,,,,
,,,,,,,,,,
,,,,,,,,,,
,,,,,,,,,,
,,,,,,,,,,
,,,,,,,,,,
,,,,,,,,,,
,,,,,,,,,,
,,,,,,,,,,
,,,,,,,,,,
,,,,,,,,,,
,,,,,,,,,,
,,,,,,,,,,
,,,,,,,,,,
,,,,,,,,,,
,,,,,,,,,,
,,,,,,,,,,
,,,,,,,,,,
,,,,,,,,,,
,,,,,,,,,,
,,,,,,,,,,
,,,,,,,,,,
,,,,,,,,,,
,,,,,,,,,,
,,,,,,,,,,
,,,,,,,,,,
,,,,,,,,,,
,,,,,,,,,,
,,,,,,,,,,
,,,,,,,,,,
,,,,,,,,,,
,,,,,,,,,,
,,,,,,,,,,
,,,,,,,,,,
,,,,,,,,,,
,,,,,,,,,,
,,,,,,,,,,
,,,,,,,,,,
,,,,,,,,,,
,,,,,,,,,,
,,,,,,,,,,
,,,,,,,,,,
,,,,,,,,,,
,,,,,,,,,,
,,,,,,,,,,
,,,,,,,,,,
,,,,,,,,,,
,,,,,,,,,,
,,,,,,,,,,
,,,,,,,,,,
,,,,,,,,,,
,,,,,,,,,,
,,,,,,,,,,
,,,,,,,,,,
,,,,,,,,,,
,,,,,,,,,,
,,,,,,,,,,
,,,,,,,,,,
,,,,,,,,,,
,,,,,,,,,,
,,,,,,,,,,
,,,,,,,,,,
,,,,,,,,,,
,,,,,,,,,,
,,,,,,,,,,
,,,,,,,,,,
,,,,,,,,,,
,,,,,,,,,,
,,,,,,,,,,
,,,,,,,,,,
,,,,,,,,,,
,,,,,,,,,,
,,,,,,,,,,
,,,,,,,,,,
,,,,,,,,,,
,,,,,,,,,,
,,,,,,,,,,
,,,,,,,,,,
,,,,,,,,,,
,,,,,,,,,,
,,,,,,,,,,
,,,,,,,,,,
,,,,,,,,,,
,,,,,,,,,,
,,,,,,,,,,
,,,,,,,,,,
,,,,,,,,,,
,,,,,,,,,,
,,,,,,,,,,
,,,,,,,,,,
,,,,,,,,,,
,,,,,,,,,,
,,,,,,,,,,
,,,,,,,,,,
,,,,,,,,,,
,,,,,,,,,,
,,,,,,,,,,
,,,,,,,,,,
,,,,,,,,,,
,,,,,,,,,,
,,,,,,,,,,
,,,,,,,,,,
,,,,,,,,,,
,,,,,,,,,,
,,,,,,,,,,
,,,,,,,,,,
,,,,,,,,,,
,,,,,,,,,,
,,,,,,,,,,
,,,,,,,,,,
,,,,,,,,,,
,,,,,,,,,,
,,,,,,,,,,
,,,,,,,,,,
,,,,,,,,,,
,,,,,,,,,,
,,,,,,,,,,
,,,,,,,,,,
,,,,,,,,,,
,,,,,,,,,,
,,,,,,,,,,
,,,,,,,,,,
,,,,,,,,,,
,,,,,,,,,,
,,,,,,,,,,
,,,,,,,,,,
,,,,,,,,,,
,,,,,,,,,,
,,,,,,,,,,
,,,,,,,,,,
,,,,,,,,,,
,,,,,,,,,,
,,,,,,,,,,
,,,,,,,,,,
,,,,,,,,,,
,,,,,,,,,,
,,,,,,,,,,
,,,,,,,,,,
,,,,,,,,,,
,,,,,,,,,,
,,,,,,,,,,
,,,,,,,,,,
,,,,,,,,,,
,,,,,,,,,,
,,,,,,,,,,
,,,,,,,,,,
,,,,,,,,,,
,,,,,,,,,,
,,,,,,,,,,
,,,,,,,,,,
,,,,,,,,,,
,,,,,,,,,,
,,,,,,,,,,
,,,,,,,,,,
,,,,,,,,,,
,,,,,,,,,,
,,,,,,,,,,
,,,,,,,,,,
,,,,,,,,,,
,,,,,,,,,,
,,,,,,,,,,
,,,,,,,,,,
,,,,,,,,,,
,,,,,,,,,,
,,,,,,,,,,
,,,,,,,,,,
,,,,,,,,,,
,,,,,,,,,,
,,,,,,,,,,
,,,,,,,,,,
,,,,,,,,,,
,,,,,,,,,,
,,,,,,,,,,
,,,,,,,,,,
,,,,,,,,,,
,,,,,,,,,,
,,,,,,,,,,
,,,,,,,,,,
,,,,,,,,,,
,,,,,,,,,,
,,,,,,,,,,
,,,,,,,,,,
,,,,,,,,,,
,,,,,,,,,,
,,,,,,,,,,
,,,,,,,,,,
,,,,,,,,,,
,,,,,,,,,,
,,,,,,,,,,
,,,,,,,,,,
,,,,,,,,,,
,,,,,,,,,,
,,,,,,,,,,
,,,,,,,,,,
,,,,,,,,,,
,,,,,,,,,,
,,,,,,,,,,
,,,,,,,,,,
,,,,,,,,,,
,,,,,,,,,,
,,,,,,,,,,
,,,,,,,,,,
,,,,,,,,,,
,,,,,,,,,,
,,,,,,,,,,
,,,,,,,,,,
,,,,,,,,,,
,,,,,,,,,,
,,,,,,,,,,
,,,,,,,,,,
,,,,,,,,,,
,,,,,,,,,,
,,,,,,,,,,
,,,,,,,,,,
,,,,,,,,,,
,,,,,,,,,,
,,,,,,,,,,
,,,,,,,,,,
,,,,,,,,,,
,,,,,,,,,,
,,,,,,,,,,
,,,,,,,,,,
,,,,,,,,,,
,,,,,,,,,,
,,,,,,,,,,
,,,,,,,,,,
,,,,,,,,,,
,,,,,,,,,,
,,,,,,,,,,
,,,,,,,,,,
,,,,,,,,,,
,,,,,,,,,,
,,,,,,,,,,
,,,,,,,,,,
,,,,,,,,,,
,,,,,,,,,,
,,,,,,,,,,
,,,,,,,,,,
,,,,,,,,,,
,,,,,,,,,,
,,,,,,,,,,
,,,,,,,,,,
,,,,,,,,,,
,,,,,,,,,,
,,,,,,,,,,
,,,,,,,,,,
,,,,,,,,,,
,,,,,,,,,,
,,,,,,,,,,
,,,,,,,,,,
,,,,,,,,,,
,,,,,,,,,,
,,,,,,,,,,
,,,,,,,,,,
,,,,,,,,,,
,,,,,,,,,,
,,,,,,,,,,
,,,,,,,,,,
,,,,,,,,,,
,,,,,,,,,,
,,,,,,,,,,
,,,,,,,,,,
,,,,,,,,,,
,,,,,,,,,,
,,,,,,,,,,
,,,,,,,,,,
,,,,,,,,,,
,,,,,,,,,,
,,,,,,,,,,
,,,,,,,,,,
,,,,,,,,,,
,,,,,,,,,,
,,,,,,,,,,
,,,,,,,,,,
,,,,,,,,,,
,,,,,,,,,,
,,,,,,,,,,
,,,,,,,,,,
,,,,,,,,,,
,,,,,,,,,,
,,,,,,,,,,
,,,,,,,,,,
,,,,,,,,,,
,,,,,,,,,,
,,,,,,,,,,
,,,,,,,,,,
,,,,,,,,,,
,,,,,,,,,,
,,,,,,,,,,
,,,,,,,,,,
,,,,,,,,,,
,,,,,,,,,,
,,,,,,,,,,
,,,,,,,,,,
,,,,,,,,,,
,,,,,,,,,,
,,,,,,,,,,
,,,,,,,,,,
,,,,,,,,,,
,,,,,,,,,,
,,,,,,,,,,
,,,,,,,,,,
,,,,,,,,,,
,,,,,,,,,,
,,,,,,,,,,
,,,,,,,,,,
,,,,,,,,,,
,,,,,,,,,,
,,,,,,,,,,
,,,,,,,,,,
,,,,,,,,,,
,,,,,,,,,,
,,,,,,,,,,
,,,,,,,,,,
,,,,,,,,,,
,,,,,,,,,,
,,,,,,,,,,
,,,,,,,,,,
,,,,,,,,,,
,,,,,,,,,,
,,,,,,,,,,
,,,,,,,,,,
,,,,,,,,,,
,,,,,,,,,,
,,,,,,,,,,
,,,,,,,,,,
,,,,,,,,,,
,,,,,,,,,,
,,,,,,,,,,
,,,,,,,,,,
,,,,,,,,,,
,,,,,,,,,,
,,,,,,,,,,
,,,,,,,,,,
,,,,,,,,,,
,,,,,,,,,,
,,,,,,,,,,
,,,,,,,,,,
,,,,,,,,,,
,,,,,,,,,,
,,,,,,,,,,
,,,,,,,,,,
,,,,,,,,,,
,,,,,,,,,,
,,,,,,,,,,
,,,,,,,,,,
,,,,,,,,,,
,,,,,,,,,,
,,,,,,,,,,
,,,,,,,,,,
,,,,,,,,,,
,,,,,,,,,,
,,,,,,,,,,
,,,,,,,,,,
,,,,,,,,,,
,,,,,,,,,,
,,,,,,,,,,
,,,,,,,,,,
,,,,,,,,,,
,,,,,,,,,,
,,,,,,,,,,
,,,,,,,,,,
,,,,,,,,,,
,,,,,,,,,,
,,,,,,,,,,
,,,,,,,,,,
,,,,,,,,,,
,,,,,,,,,,
,,,,,,,,,,
,,,,,,,,,,
,,,,,,,,,,
,,,,,,,,,,
,,,,,,,,,,
,,,,,,,,,,
,,,,,,,,,,
,,,,,,,,,,
,,,,,,,,,,
,,,,,,,,,,
,,,,,,,,,,
,,,,,,,,,,
,,,,,,,,,,
,,,,,,,,,,
,,,,,,,,,,
,,,,,,,,,,
,,,,,,,,,,
,,,,,,,,,,
,,,,,,,,,,
,,,,,,,,,,
,,,,,,,,,,
,,,,,,,,,,
,,,,,,,,,,
,,,,,,,,,,
,,,,,,,,,,
,,,,,,,,,,
,,,,,,,,,,
,,,,,,,,,,
,,,,,,,,,,
,,,,,,,,,,
,,,,,,,,,,
,,,,,,,,,,
,,,,,,,,,,
,,,,,,,,,,
,,,,,,,,,,
,,,,,,,,,,
,,,,,,,,,,
,,,,,,,,,,
,,,,,,,,,,
,,,,,,,,,,
,,,,,,,,,,
,,,,,,,,,,
,,,,,,,,,,
,,,,,,,,,,
,,,,,,,,,,
,,,,,,,,,,
,,,,,,,,,,
,,,,,,,,,,
,,,,,,,,,,
,,,,,,,,,,
,,,,,,,,,,
,,,,,,,,,,
,,,,,,,,,,
,,,,,,,,,,
,,,,,,,,,,
,,,,,,,,,,
,,,,,,,,,,
,,,,,,,,,,
,,,,,,,,,,
,,,,,,,,,,
,,,,,,,,,,
,,,,,,,,,,
,,,,,,,,,,
,,,,,,,,,,
,,,,,,,,,,
,,,,,,,,,,
,,,,,,,,,,
,,,,,,,,,,
,,,,,,,,,,
,,,,,,,,,,
,,,,,,,,,,
,,,,,,,,,,
,,,,,,,,,,
,,,,,,,,,,
,,,,,,,,,,
,,,,,,,,,,
,,,,,,,,,,
,,,,,,,,,,
,,,,,,,,,,
,,,,,,,,,,
,,,,,,,,,,
,,,,,,,,,,
,,,,,,,,,,
,,,,,,,,,,
,,,,,,,,,,
,,,,,,,,,,
,,,,,,,,,,
,,,,,,,,,,
,,,,,,,,,,
,,,,,,,,,,
,,,,,,,,,,
,,,,,,,,,,
,,,,,,,,,,
,,,,,,,,,,
,,,,,,,,,,
,,,,,,,,,,
,,,,,,,,,,
,,,,,,,,,,
,,,,,,,,,,
,,,,,,,,,,
,,,,,,,,,,
,,,,,,,,,,
,,,,,,,,,,
,,,,,,,,,,
,,,,,,,,,,
,,,,,,,,,,
,,,,,,,,,,
,,,,,,,,,,
,,,,,,,,,,
,,,,,,,,,,
,,,,,,,,,,
,,,,,,,,,,
,,,,,,,,,,
,,,,,,,,,,
,,,,,,,,,,
,,,,,,,,,,
,,,,,,,,,,
,,,,,,,,,,
,,,,,,,,,,
,,,,,,,,,,
,,,,,,,,,,
,,,,,,,,,,
,,,,,,,,,,
,,,,,,,,,,
,,,,,,,,,,
,,,,,,,,,,
,,,,,,,,,,
,,,,,,,,,,
,,,,,,,,,,
,,,,,,,,,,
,,,,,,,,,,
,,,,,,,,,,
,,,,,,,,,,
,,,,,,,,,,
,,,,,,,,,,
,,,,,,,,,,
,,,,,,,,,,
,,,,,,,,,,
,,,,,,,,,,
,,,,,,,,,,
,,,,,,,,,,
,,,,,,,,,,
,,,,,,,,,,
,,,,,,,,,,
,,,,,,,,,,
,,,,,,,,,,
,,,,,,,,,,
,,,,,,,,,,
,,,,,,,,,,
,,,,,,,,,,
,,,,,,,,,,
,,,,,,,,,,
,,,,,,,,,,
,,,,,,,,,,
,,,,,,,,,,
,,,,,,,,,,
,,,,,,,,,,
,,,,,,,,,,
,,,,,,,,,,
,,,,,,,,,,
,,,,,,,,,,
,,,,,,,,,,
,,,,,,,,,,
,,,,,,,,,,
,,,,,,,,,,
,,,,,,,,,,
,,,,,,,,,,
,,,,,,,,,,
,,,,,,,,,,
,,,,,,,,,,
,,,,,,,,,,
,,,,,,,,,,
,,,,,,,,,,
,,,,,,,,,,
,,,,,,,,,,
,,,,,,,,,,
,,,,,,,,,,
,,,,,,,,,,
,,,,,,,,,,
,,,,,,,,,,
,,,,,,,,,,
,,,,,,,,,,
,,,,,,,,,,
,,,,,,,,,,
,,,,,,,,,,
,,,,,,,,,,
,,,,,,,,,,
,,,,,,,,,,
,,,,,,,,,,
,,,,,,,,,,
,,,,,,,,,,
,,,,,,,,,,
,,,,,,,,,,
,,,,,,,,,,
,,,,,,,,,,
,,,,,,,,,,
,,,,,,,,,,
,,,,,,,,,,
,,,,,,,,,,
,,,,,,,,,,
,,,,,,,,,,
,,,,,,,,,,
,,,,,,,,,,
,,,,,,,,,,
,,,,,,,,,,
,,,,,,,,,,
,,,,,,,,,,
,,,,,,,,,,
,,,,,,,,,,
,,,,,,,,,,
,,,,,,,,,,
,,,,,,,,,,
,,,,,,,,,,
,,,,,,,,,,
,,,,,,,,,,
,,,,,,,,,,
,,,,,,,,,,
,,,,,,,,,,
,,,,,,,,,,
,,,,,,,,,,
,,,,,,,,,,
,,,,,,,,,,
,,,,,,,,,,
,,,,,,,,,,
,,,,,,,,,,
,,,,,,,,,,
,,,,,,,,,,
,,,,,,,,,,
,,,,,,,,,,
,,,,,,,,,,
,,,,,,,,,,
,,,,,,,,,,
,,,,,,,,,,
,,,,,,,,,,
,,,,,,,,,,
,,,,,,,,,,
,,,,,,,,,,
,,,,,,,,,,
,,,,,,,,,,
,,,,,,,,,,
,,,,,,,,,,
,,,,,,,,,,
,,,,,,,,,,
,,,,,,,,,,
,,,,,,,,,,
,,,,,,,,,,
,,,,,,,,,,
,,,,,,,,,,
,,,,,,,,,,
,,,,,,,,,,
,,,,,,,,,,
,,,,,,,,,,
,,,,,,,,,,
,,,,,,,,,,
,,,,,,,,,,
,,,,,,,,,,
,,,,,,,,,,
,,,,,,,,,,
,,,,,,,,,,
,,,,,,,,,,
,,,,,,,,,,
,,,,,,,,,,
,,,,,,,,,,
,,,,,,,,,,
,,,,,,,,,,
,,,,,,,,,,
,,,,,,,,,,
,,,,,,,,,,
,,,,,,,,,,
,,,,,,,,,,
,,,,,,,,,,
,,,,,,,,,,
,,,,,,,,,,
,,,,,,,,,,
,,,,,,,,,,
,,,,,,,,,,
,,,,,,,,,,
,,,,,,,,,,
,,,,,,,,,,
,,,,,,,,,,
,,,,,,,,,,
,,,,,,,,,,
,,,,,,,,,,
,,,,,,,,,,
,,,,,,,,,,
,,,,,,,,,,
,,,,,,,,,,
,,,,,,,,,,
,,,,,,,,,,
,,,,,,,,,,
,,,,,,,,,,
,,,,,,,,,,
,,,,,,,,,,
,,,,,,,,,,
,,,,,,,,,,
,,,,,,,,,,
,,,,,,,,,,
,,,,,,,,,,
,,,,,,,,,,
,,,,,,,,,,
,,,,,,,,,,
,,,,,,,,,,
,,,,,,,,,,
,,,,,,,,,,
,,,,,,,,,,
,,,,,,,,,,
,,,,,,,,,,
,,,,,,,,,,
,,,,,,,,,,
,,,,,,,,,,
,,,,,,,,,,
,,,,,,,,,,
,,,,,,,,,,
,,,,,,,,,,
,,,,,,,,,,
,,,,,,,,,,
,,,,,,,,,,
,,,,,,,,,,
,,,,,,,,,,
,,,,,,,,,,
,,,,,,,,,,
,,,,,,,,,,
,,,,,,,,,,
,,,,,,,,,,
,,,,,,,,,,
,,,,,,,,,,
,,,,,,,,,,
,,,,,,,,,,
,,,,,,,,,,
,,,,,,,,,,
,,,,,,,,,,
,,,,,,,,,,
,,,,,,,,,,
,,,,,,,,,,
,,,,,,,,,,
,,,,,,,,,,
,,,,,,,,,,
,,,,,,,,,,
,,,,,,,,,,
,,,,,,,,,,
,,,,,,,,,,
,,,,,,,,,,
,,,,,,,,,,
,,,,,,,,,,
,,,,,,,,,,
,,,,,,,,,,
,,,,,,,,,,
,,,,,,,,,,
,,,,,,,,,,
,,,,,,,,,,
,,,,,,,,,,
,,,,,,,,,,
,,,,,,,,,,
,,,,,,,,,,
,,,,,,,,,,
,,,,,,,,,,
,,,,,,,,,,
,,,,,,,,,,
,,,,,,,,,,
,,,,,,,,,,
,,,,,,,,,,
,,,,,,,,,,
,,,,,,,,,,
,,,,,,,,,,
,,,,,,,,,,
,,,,,,,,,,
,,,,,,,,,,
,,,,,,,,,,
,,,,,,,,,,
,,,,,,,,,,
,,,,,,,,,,
,,,,,,,,,,
,,,,,,,,,,
,,,,,,,,,,
,,,,,,,,,,
,,,,,,,,,,
,,,,,,,,,,
,,,,,,,,,,
,,,,,,,,,,
,,,,,,,,,,
,,,,,,,,,,
,,,,,,,,,,
,,,,,,,,,,
,,,,,,,,,,
,,,,,,,,,,
,,,,,,,,,,
,,,,,,,,,,
,,,,,,,,,,
,,,,,,,,,,
,,,,,,,,,,
,,,,,,,,,,
,,,,,,,,,,
,,,,,,,,,,
,,,,,,,,,,
,,,,,,,,,,
,,,,,,,,,,
,,,,,,,,,,
,,,,,,,,,,
,,,,,,,,,,
,,,,,,,,,,
,,,,,,,,,,
,,,,,,,,,,
,,,,,,,,,,
,,,,,,,,,,
,,,,,,,,,,
,,,,,,,,,,
,,,,,,,,,,
,,,,,,,,,,
,,,,,,,,,,
,,,,,,,,,,
,,,,,,,,,,
,,,,,,,,,,
,,,,,,,,,,
,,,,,,,,,,
,,,,,,,,,,
,,,,,,,,,,
,,,,,,,,,,
,,,,,,,,,,
,,,,,,,,,,
,,,,,,,,,,
,,,,,,,,,,
,,,,,,,,,,
,,,,,,,,,,
,,,,,,,,,,
,,,,,,,,,,
,,,,,,,,,,
,,,,,,,,,,
,,,,,,,,,,
,,,,,,,,,,
,,,,,,,,,,
,,,,,,,,,,
,,,,,,,,,,
,,,,,,,,,,
,,,,,,,,,,
,,,,,,,,,,
,,,,,,,,,,
,,,,,,,,,,
,,,,,,,,,,
,,,,,,,,,,
,,,,,,,,,,
,,,,,,,,,,
,,,,,,,,,,
,,,,,,,,,,
,,,,,,,,,,
,,,,,,,,,,
,,,,,,,,,,
,,,,,,,,,,
,,,,,,,,,,
,,,,,,,,,,
,,,,,,,,,,
,,,,,,,,,,
,,,,,,,,,,
,,,,,,,,,,
,,,,,,,,,,
,,,,,,,,,,
,,,,,,,,,,
,,,,,,,,,,
,,,,,,,,,,
,,,,,,,,,,
,,,,,,,,,,
,,,,,,,,,,
,,,,,,,,,,
,,,,,,,,,,
,,,,,,,,,,
,,,,,,,,,,
,,,,,,,,,,
,,,,,,,,,,
,,,,,,,,,,
,,,,,,,,,,
,,,,,,,,,,
,,,,,,,,,,
,,,,,,,,,,
,,,,,,,,,,
,,,,,,,,,,
,,,,,,,,,,
,,,,,,,,,,
,,,,,,,,,,
,,,,,,,,,,
,,,,,,,,,,
,,,,,,,,,,
,,,,,,,,,,
,,,,,,,,,,
,,,,,,,,,,
,,,,,,,,,,
,,,,,,,,,,
,,,,,,,,,,
,,,,,,,,,,
,,,,,,,,,,
,,,,,,,,,,
,,,,,,,,,,
,,,,,,,,,,
,,,,,,,,,,
,,,,,,,,,,
,,,,,,,,,,
,,,,,,,,,,
,,,,,,,,,,
,,,,,,,,,,
,,,,,,,,,,
,,,,,,,,,,
,,,,,,,,,,
,,,,,,,,,,
,,,,,,,,,,
,,,,,,,,,,
,,,,,,,,,,
,,,,,,,,,,
,,,,,,,,,,
,,,,,,,,,,
,,,,,,,,,,
,,,,,,,,,,
,,,,,,,,,,
,,,,,,,,,,
,,,,,,,,,,
,,,,,,,,,,
,,,,,,,,,,
,,,,,,,,,,
,,,,,,,,,,
,,,,,,,,,,
,,,,,,,,,,
,,,,,,,,,,
,,,,,,,,,,
,,,,,,,,,,
,,,,,,,,,,
,,,,,,,,,,
,,,,,,,,,,
,,,,,,,,,,
,,,,,,,,,,
,,,,,,,,,,
,,,,,,,,,,
,,,,,,,,,,
,,,,,,,,,,
,,,,,,,,,,
,,,,,,,,,,
,,,,,,,,,,
,,,,,,,,,,
,,,,,,,,,,
,,,,,,,,,,
,,,,,,,,,,
,,,,,,,,,,
,,,,,,,,,,
,,,,,,,,,,
,,,,,,,,,,
,,,,,,,,,,
,,,,,,,,,,
,,,,,,,,,,
,,,,,,,,,,
,,,,,,,,,,
,,,,,,,,,,
,,,,,,,,,,
,,,,,,,,,,
,,,,,,,,,,
,,,,,,,,,,
,,,,,,,,,,
,,,,,,,,,,
,,,,,,,,,,
,,,,,,,,,,
,,,,,,,,,,
,,,,,,,,,,
,,,,,,,,,,
,,,,,,,,,,
,,,,,,,,,,
,,,,,,,,,,
,,,,,,,,,,
,,,,,,,,,,
,,,,,,,,,,
,,,,,,,,,,
,,,,,,,,,,
,,,,,,,,,,
,,,,,,,,,,
,,,,,,,,,,
,,,,,,,,,,
,,,,,,,,,,
,,,,,,,,,,
,,,,,,,,,,
,,,,,,,,,,
,,,,,,,,,,
,,,,,,,,,,
,,,,,,,,,,
,,,,,,,,,,
,,,,,,,,,,
,,,,,,,,,,
,,,,,,,,,,
,,,,,,,,,,
,,,,,,,,,,
,,,,,,,,,,
,,,,,,,,,,
,,,,,,,,,,
,,,,,,,,,,
,,,,,,,,,,
,,,,,,,,,,
,,,,,,,,,,
,,,,,,,,,,
,,,,,,,,,,
,,,,,,,,,,
,,,,,,,,,,
,,,,,,,,,,
,,,,,,,,,,
,,,,,,,,,,
,,,,,,,,,,
,,,,,,,,,,
,,,,,,,,,,
,,,,,,,,,,
,,,,,,,,,,
,,,,,,,,,,
,,,,,,,,,,
,,,,,,,,,,
,,,,,,,,,,
,,,,,,,,,,
,,,,,,,,,,
,,,,,,,,,,
,,,,,,,,,,
,,,,,,,,,,
,,,,,,,,,,
,,,,,,,,,,
,,,,,,,,,,
,,,,,,,,,,
,,,,,,,,,,
,,,,,,,,,,
,,,,,,,,,,
,,,,,,,,,,
,,,,,,,,,,
,,,,,,,,,,
,,,,,,,,,,
,,,,,,,,,,
,,,,,,,,,,
,,,,,,,,,,
,,,,,,,,,,
,,,,,,,,,,
,,,,,,,,,,
,,,,,,,,,,
,,,,,,,,,,
,,,,,,,,,,
,,,,,,,,,,
,,,,,,,,,,
,,,,,,,,,,
,,,,,,,,,,
,,,,,,,,,,
,,,,,,,,,,
,,,,,,,,,,
,,,,,,,,,,
,,,,,,,,,,
,,,,,,,,,,
,,,,,,,,,,
,,,,,,,,,,
,,,,,,,,,,
,,,,,,,,,,
,,,,,,,,,,
,,,,,,,,,,
,,,,,,,,,,
,,,,,,,,,,
,,,,,,,,,,
,,,,,,,,,,
,,,,,,,,,,
,,,,,,,,,,
,,,,,,,,,,
,,,,,,,,,,
,,,,,,,,,,
,,,,,,,,,,
,,,,,,,,,,
,,,,,,,,,,
,,,,,,,,,,
,,,,,,,,,,
,,,,,,,,,,
,,,,,,,,,,
,,,,,,,,,,
,,,,,,,,,,
,,,,,,,,,,
,,,,,,,,,,
,,,,,,,,,,
,,,,,,,,,,
,,,,,,,,,,
,,,,,,,,,,
,,,,,,,,,,
,,,,,,,,,,
,,,,,,,,,,
,,,,,,,,,,
,,,,,,,,,,
,,,,,,,,,,
,,,,,,,,,,
,,,,,,,,,,
,,,,,,,,,,
,,,,,,,,,,
,,,,,,,,,,
,,,,,,,,,,
,,,,,,,,,,
,,,,,,,,,,
,,,,,,,,,,
,,,,,,,,,,
,,,,,,,,,,
,,,,,,,,,,
,,,,,,,,,,
,,,,,,,,,,
,,,,,,,,,,
,,,,,,,,,,
,,,,,,,,,,
,,,,,,,,,,
,,,,,,,,,,
,,,,,,,,,,
,,,,,,,,,,
,,,,,,,,,,
,,,,,,,,,,
,,,,,,,,,,
,,,,,,,,,,
,,,,,,,,,,
,,,,,,,,,,
,,,,,,,,,,
,,,,,,,,,,
,,,,,,,,,,
,,,,,,,,,,
,,,,,,,,,,
,,,,,,,,,,
,,,,,,,,,,
,,,,,,,,,,
,,,,,,,,,,
,,,,,,,,,,
,,,,,,,,,,
,,,,,,,,,,
,,,,,,,,,,
,,,,,,,,,,
,,,,,,,,,,
,,,,,,,,,,
,,,,,,,,,,
,,,,,,,,,,
,,,,,,,,,,
,,,,,,,,,,
,,,,,,,,,,
,,,,,,,,,,
,,,,,,,,,,
,,,,,,,,,,
,,,,,,,,,,
,,,,,,,,,,
,,,,,,,,,,
,,,,,,,,,,
,,,,,,,,,,
,,,,,,,,,,
,,,,,,,,,,
,,,,,,,,,,
,,,,,,,,,,
,,,,,,,,,,
,,,,,,,,,,
,,,,,,,,,,
,,,,,,,,,,
,,,,,,,,,,
,,,,,,,,,,
,,,,,,,,,,
,,,,,,,,,,
,,,,,,,,,,
,,,,,,,,,,
,,,,,,,,,,
,,,,,,,,,,
,,,,,,,,,,
,,,,,,,,,,
,,,,,,,,,,
,,,,,,,,,,
,,,,,,,,,,
,,,,,,,,,,
,,,,,,,,,,
,,,,,,,,,,
,,,,,,,,,,
,,,,,,,,,,
,,,,,,,,,,
,,,,,,,,,,
,,,,,,,,,,
,,,,,,,,,,
,,,,,,,,,,
,,,,,,,,,,
,,,,,,,,,,
,,,,,,,,,,
,,,,,,,,,,
,,,,,,,,,,
,,,,,,,,,,
,,,,,,,,,,
,,,,,,,,,,
,,,,,,,,,,
,,,,,,,,,,
,,,,,,,,,,
,,,,,,,,,,
,,,,,,,,,,
,,,,,,,,,,
,,,,,,,,,,
,,,,,,,,,,
,,,,,,,,,,
,,,,,,,,,,
,,,,,,,,,,
,,,,,,,,,,
,,,,,,,,,,
,,,,,,,,,,
,,,,,,,,,,
,,,,,,,,,,
,,,,,,,,,,
,,,,,,,,,,
,,,,,,,,,,
,,,,,,,,,,
,,,,,,,,,,
,,,,,,,,,,
,,,,,,,,,,
,,,,,,,,,,
,,,,,,,,,,
,,,,,,,,,,
,,,,,,,,,,
,,,,,,,,,,
,,,,,,,,,,
,,,,,,,,,,
,,,,,,,,,,
,,,,,,,,,,
,,,,,,,,,,
,,,,,,,,,,
,,,,,,,,,,
,,,,,,,,,,
,,,,,,,,,,
,,,,,,,,,,
,,,,,,,,,,
,,,,,,,,,,
,,,,,,,,,,
,,,,,,,,,,
,,,,,,,,,,
,,,,,,,,,,
,,,,,,,,,,
,,,,,,,,,,
,,,,,,,,,,
,,,,,,,,,,
,,,,,,,,,,
,,,,,,,,,,
,,,,,,,,,,
,,,,,,,,,,
,,,,,,,,,,
,,,,,,,,,,
,,,,,,,,,,
,,,,,,,,,,
,,,,,,,,,,
,,,,,,,,,,
,,,,,,,,,,
,,,,,,,,,,
,,,,,,,,,,
,,,,,,,,,,
,,,,,,,,,,
,,,,,,,,,,
,,,,,,,,,,
,,,,,,,,,,
,,,,,,,,,,
,,,,,,,,,,
,,,,,,,,,,
,,,,,,,,,,
,,,,,,,,,,
,,,,,,,,,,
,,,,,,,,,,
,,,,,,,,,,
,,,,,,,,,,
,,,,,,,,,,
,,,,,,,,,,
,,,,,,,,,,
,,,,,,,,,,
,,,,,,,,,,
,,,,,,,,,,
,,,,,,,,,,
,,,,,,,,,,
,,,,,,,,,,
,,,,,,,,,,
,,,,,,,,,,
,,,,,,,,,,
,,,,,,,,,,
,,,,,,,,,,
,,,,,,,,,,
,,,,,,,,,,
,,,,,,,,,,
,,,,,,,,,,
,,,,,,,,,,
,,,,,,,,,,